data;estado;value;treated
2001-01-01;SC;101.95;0
2001-01-01;parana;103.01;0
2001-01-01;RS;102.12;0
2001-01-01;GO;103.87;0
2001-01-01;DF;103.87;0
2001-01-01;BA;100.44;0
2001-01-01;CE;99.58;0
2001-01-01;PE;BETS-package: Sorry. This series is not yet available. Series is empty in the BACEN databases;0
2001-01-01;sao_paulo;99.7;0
2001-01-01;minas_gerais;101.45;0
2001-01-01;espirito_santo;103.5;0
2001-01-01;Rio_de_Janeiro;100.47;0
2001-02-01;SC;103.44;0
2001-02-01;parana;106.7;0
2001-02-01;RS;105.92;0
2001-02-01;GO;107.06;0
2001-02-01;DF;107.06;0
2001-02-01;BA;100.16;0
2001-02-01;CE;99.48;0
2001-02-01;PE;BETS-package: Sorry. This series is not yet available. Series is empty in the BACEN databases;0
2001-02-01;sao_paulo;100.27;0
2001-02-01;minas_gerais;102.41;0
2001-02-01;espirito_santo;106.28;0
2001-02-01;Rio_de_Janeiro;101.1;0
2001-03-01;SC;102.54;0
2001-03-01;parana;106.96;0
2001-03-01;RS;106.65;0
2001-03-01;GO;108.59;0
2001-03-01;DF;108.59;0
2001-03-01;BA;99.11;0
2001-03-01;CE;99.14;0
2001-03-01;PE;BETS-package: Sorry. This series is not yet available. Series is empty in the BACEN databases;0
2001-03-01;sao_paulo;99.7;0
2001-03-01;minas_gerais;101.61;0
2001-03-01;espirito_santo;103.53;0
2001-03-01;Rio_de_Janeiro;100.23;0
2001-04-01;SC;101.25;0
2001-04-01;parana;104.35;0
2001-04-01;RS;107.52;0
2001-04-01;GO;108.54;0
2001-04-01;DF;108.54;0
2001-04-01;BA;98.46;0
2001-04-01;CE;99.4;0
2001-04-01;PE;BETS-package: Sorry. This series is not yet available. Series is empty in the BACEN databases;0
2001-04-01;sao_paulo;98.41;0
2001-04-01;minas_gerais;100.26;0
2001-04-01;espirito_santo;102.37;0
2001-04-01;Rio_de_Janeiro;100.24;0
2001-05-01;SC;100.23;0
2001-05-01;parana;102.19;0
2001-05-01;RS;102.37;0
2001-05-01;GO;99.04;0
2001-05-01;DF;99.04;0
2001-05-01;BA;100.11;0
2001-05-01;CE;99.05;0
2001-05-01;PE;BETS-package: Sorry. This series is not yet available. Series is empty in the BACEN databases;0
2001-05-01;sao_paulo;97.65;0
2001-05-01;minas_gerais;99.31;0
2001-05-01;espirito_santo;97.79;0
2001-05-01;Rio_de_Janeiro;99.7;0
2001-06-01;SC;100.48;0
2001-06-01;parana;101.5;0
2001-06-01;RS;101.2;0
2001-06-01;GO;99.37;0
2001-06-01;DF;99.37;0
2001-06-01;BA;100.87;0
2001-06-01;CE;100.79;0
2001-06-01;PE;BETS-package: Sorry. This series is not yet available. Series is empty in the BACEN databases;0
2001-06-01;sao_paulo;98.39;0
2001-06-01;minas_gerais;98.42;0
2001-06-01;espirito_santo;101.82;0
2001-06-01;Rio_de_Janeiro;99.44;0
2001-07-01;SC;98.15;0
2001-07-01;parana;103.6;0
2001-07-01;RS;97.44;0
2001-07-01;GO;101.51;0
2001-07-01;DF;101.51;0
2001-07-01;BA;95.88;0
2001-07-01;CE;98.89;0
2001-07-01;PE;BETS-package: Sorry. This series is not yet available. Series is empty in the BACEN databases;0
2001-07-01;sao_paulo;98.49;0
2001-07-01;minas_gerais;97.69;0
2001-07-01;espirito_santo;103.13;0
2001-07-01;Rio_de_Janeiro;100.21;0
2001-08-01;SC;97.91;0
2001-08-01;parana;105.45;0
2001-08-01;RS;98.9;0
2001-08-01;GO;100.63;0
2001-08-01;DF;100.63;0
2001-08-01;BA;107.27;0
2001-08-01;CE;99.33;0
2001-08-01;PE;BETS-package: Sorry. This series is not yet available. Series is empty in the BACEN databases;0
2001-08-01;sao_paulo;98.93;0
2001-08-01;minas_gerais;99.87;0
2001-08-01;espirito_santo;102.82;0
2001-08-01;Rio_de_Janeiro;99.79;0
2001-09-01;SC;100.17;0
2001-09-01;parana;103.57;0
2001-09-01;RS;100.81;0
2001-09-01;GO;101.25;0
2001-09-01;DF;101.25;0
2001-09-01;BA;101.87;0
2001-09-01;CE;99.11;0
2001-09-01;PE;BETS-package: Sorry. This series is not yet available. Series is empty in the BACEN databases;0
2001-09-01;sao_paulo;99.23;0
2001-09-01;minas_gerais;101.47;0
2001-09-01;espirito_santo;103.7;0
2001-09-01;Rio_de_Janeiro;99.78;0
2001-10-01;SC;99.99;0
2001-10-01;parana;103.88;0
2001-10-01;RS;102.04;0
2001-10-01;GO;102.69;0
2001-10-01;DF;102.69;0
2001-10-01;BA;104.86;0
2001-10-01;CE;98.36;0
2001-10-01;PE;BETS-package: Sorry. This series is not yet available. Series is empty in the BACEN databases;0
2001-10-01;sao_paulo;99.41;0
2001-10-01;minas_gerais;101.78;0
2001-10-01;espirito_santo;101.47;0
2001-10-01;Rio_de_Janeiro;99.95;0
2001-11-01;SC;101.41;0
2001-11-01;parana;104.95;0
2001-11-01;RS;105.12;0
2001-11-01;GO;101.06;0
2001-11-01;DF;101.06;0
2001-11-01;BA;98.07;0
2001-11-01;CE;99.08;0
2001-11-01;PE;BETS-package: Sorry. This series is not yet available. Series is empty in the BACEN databases;0
2001-11-01;sao_paulo;100.35;0
2001-11-01;minas_gerais;102.86;0
2001-11-01;espirito_santo;102.74;0
2001-11-01;Rio_de_Janeiro;100.31;0
2001-12-01;SC;102.12;0
2001-12-01;parana;104.02;0
2001-12-01;RS;101.75;0
2001-12-01;GO;100.54;0
2001-12-01;DF;100.54;0
2001-12-01;BA;99.97;0
2001-12-01;CE;99.81;0
2001-12-01;PE;BETS-package: Sorry. This series is not yet available. Series is empty in the BACEN databases;0
2001-12-01;sao_paulo;100.85;0
2001-12-01;minas_gerais;104.37;0
2001-12-01;espirito_santo;104.73;0
2001-12-01;Rio_de_Janeiro;99.66;0
2002-01-01;SC;103.42;0
2002-01-01;parana;106.41;0
2002-01-01;RS;104.53;0
2002-01-01;GO;111.01;0
2002-01-01;DF;111.01;0
2002-01-01;BA;102.21;0
2002-01-01;CE;100.64;0
2002-01-01;PE;BETS-package: Sorry. This series is not yet available. Series is empty in the BACEN databases;0
2002-01-01;sao_paulo;101.72;0
2002-01-01;minas_gerais;103.46;0
2002-01-01;espirito_santo;104.48;0
2002-01-01;Rio_de_Janeiro;100.58;0
2002-02-01;SC;104.37;0
2002-02-01;parana;108.64;0
2002-02-01;RS;105.29;0
2002-02-01;GO;111.47;0
2002-02-01;DF;111.47;0
2002-02-01;BA;102.97;0
2002-02-01;CE;101.44;0
2002-02-01;PE;BETS-package: Sorry. This series is not yet available. Series is empty in the BACEN databases;0
2002-02-01;sao_paulo;102.83;0
2002-02-01;minas_gerais;103.03;0
2002-02-01;espirito_santo;105.49;0
2002-02-01;Rio_de_Janeiro;100.69;0
2002-03-01;SC;104.98;0
2002-03-01;parana;109.92;0
2002-03-01;RS;110.26;0
2002-03-01;GO;112.06;0
2002-03-01;DF;112.06;0
2002-03-01;BA;106.13;0
2002-03-01;CE;102.14;0
2002-03-01;PE;BETS-package: Sorry. This series is not yet available. Series is empty in the BACEN databases;0
2002-03-01;sao_paulo;103.64;0
2002-03-01;minas_gerais;104.76;0
2002-03-01;espirito_santo;104.59;0
2002-03-01;Rio_de_Janeiro;100.7;0
2002-04-01;SC;106.34;0
2002-04-01;parana;109.66;0
2002-04-01;RS;108.34;0
2002-04-01;GO;113.63;0
2002-04-01;DF;113.63;0
2002-04-01;BA;111.08;0
2002-04-01;CE;102.48;0
2002-04-01;PE;BETS-package: Sorry. This series is not yet available. Series is empty in the BACEN databases;0
2002-04-01;sao_paulo;103.76;0
2002-04-01;minas_gerais;106.51;0
2002-04-01;espirito_santo;108.15;0
2002-04-01;Rio_de_Janeiro;101.19;0
2002-05-01;SC;105.83;0
2002-05-01;parana;106.41;0
2002-05-01;RS;104.08;0
2002-05-01;GO;110.3;0
2002-05-01;DF;110.3;0
2002-05-01;BA;108.76;0
2002-05-01;CE;102.73;0
2002-05-01;PE;BETS-package: Sorry. This series is not yet available. Series is empty in the BACEN databases;0
2002-05-01;sao_paulo;104.09;0
2002-05-01;minas_gerais;105.73;0
2002-05-01;espirito_santo;104.9;0
2002-05-01;Rio_de_Janeiro;101.43;0
2002-06-01;SC;106.99;0
2002-06-01;parana;105.45;0
2002-06-01;RS;106.27;0
2002-06-01;GO;110.49;0
2002-06-01;DF;110.49;0
2002-06-01;BA;111.11;0
2002-06-01;CE;103.62;0
2002-06-01;PE;BETS-package: Sorry. This series is not yet available. Series is empty in the BACEN databases;0
2002-06-01;sao_paulo;104.74;0
2002-06-01;minas_gerais;105.38;0
2002-06-01;espirito_santo;106.27;0
2002-06-01;Rio_de_Janeiro;102.38;0
2002-07-01;SC;108.41;0
2002-07-01;parana;109.03;0
2002-07-01;RS;106.05;0
2002-07-01;GO;110.61;0
2002-07-01;DF;110.61;0
2002-07-01;BA;108.19;0
2002-07-01;CE;104.8;0
2002-07-01;PE;BETS-package: Sorry. This series is not yet available. Series is empty in the BACEN databases;0
2002-07-01;sao_paulo;105.42;0
2002-07-01;minas_gerais;105.84;0
2002-07-01;espirito_santo;106.1;0
2002-07-01;Rio_de_Janeiro;102.58;0
2002-08-01;SC;109.26;0
2002-08-01;parana;112.8;0
2002-08-01;RS;105.13;0
2002-08-01;GO;110.65;0
2002-08-01;DF;110.65;0
2002-08-01;BA;108.88;0
2002-08-01;CE;105.67;0
2002-08-01;PE;BETS-package: Sorry. This series is not yet available. Series is empty in the BACEN databases;0
2002-08-01;sao_paulo;106.12;0
2002-08-01;minas_gerais;107.32;0
2002-08-01;espirito_santo;107.23;0
2002-08-01;Rio_de_Janeiro;103.14;0
2002-09-01;SC;109.33;0
2002-09-01;parana;112.08;0
2002-09-01;RS;103.85;0
2002-09-01;GO;113.03;0
2002-09-01;DF;113.03;0
2002-09-01;BA;109.02;0
2002-09-01;CE;107.49;0
2002-09-01;PE;BETS-package: Sorry. This series is not yet available. Series is empty in the BACEN databases;0
2002-09-01;sao_paulo;108.22;0
2002-09-01;minas_gerais;107.53;0
2002-09-01;espirito_santo;107.11;0
2002-09-01;Rio_de_Janeiro;103.35;0
2002-10-01;SC;109.17;0
2002-10-01;parana;111.19;0
2002-10-01;RS;107.19;0
2002-10-01;GO;112.39;0
2002-10-01;DF;112.39;0
2002-10-01;BA;108.99;0
2002-10-01;CE;106.98;0
2002-10-01;PE;BETS-package: Sorry. This series is not yet available. Series is empty in the BACEN databases;0
2002-10-01;sao_paulo;107.41;0
2002-10-01;minas_gerais;107.7;0
2002-10-01;espirito_santo;108.1;0
2002-10-01;Rio_de_Janeiro;103.95;0
2002-11-01;SC;108.93;0
2002-11-01;parana;111.6;0
2002-11-01;RS;106.8;0
2002-11-01;GO;113.54;0
2002-11-01;DF;113.54;0
2002-11-01;BA;109.04;0
2002-11-01;CE;107.98;0
2002-11-01;PE;BETS-package: Sorry. This series is not yet available. Series is empty in the BACEN databases;0
2002-11-01;sao_paulo;107.5;0
2002-11-01;minas_gerais;107.96;0
2002-11-01;espirito_santo;110.35;0
2002-11-01;Rio_de_Janeiro;103.71;0
2002-12-01;SC;109.72;0
2002-12-01;parana;112;0
2002-12-01;RS;106.91;0
2002-12-01;GO;114.55;0
2002-12-01;DF;114.55;0
2002-12-01;BA;109.54;0
2002-12-01;CE;109.2;0
2002-12-01;PE;BETS-package: Sorry. This series is not yet available. Series is empty in the BACEN databases;0
2002-12-01;sao_paulo;108.09;0
2002-12-01;minas_gerais;109.06;0
2002-12-01;espirito_santo;111.62;0
2002-12-01;Rio_de_Janeiro;104.7;0
2003-01-01;SC;109.3;0
2003-01-01;parana;111.42;0
2003-01-01;RS;103.97;0
2003-01-01;GO;115.26;0
2003-01-01;DF;115.26;0
2003-01-01;BA;109.42;0
2003-01-01;CE;106.81;0
2003-01-01;PE;BETS-package: Sorry. This series is not yet available. Series is empty in the BACEN databases;0
2003-01-01;sao_paulo;108.53;0
2003-01-01;minas_gerais;109.09;0
2003-01-01;espirito_santo;112.28;0
2003-01-01;Rio_de_Janeiro;104.34;0
2003-02-01;SC;108.77;0
2003-02-01;parana;111.89;0
2003-02-01;RS;101.33;0
2003-02-01;GO;119.08;0
2003-02-01;DF;119.08;0
2003-02-01;BA;109.76;0
2003-02-01;CE;107;0
2003-02-01;PE;BETS-package: Sorry. This series is not yet available. Series is empty in the BACEN databases;0
2003-02-01;sao_paulo;108.05;0
2003-02-01;minas_gerais;109.37;0
2003-02-01;espirito_santo;111.86;0
2003-02-01;Rio_de_Janeiro;103.77;0
2003-03-01;SC;109.59;0
2003-03-01;parana;113.94;0
2003-03-01;RS;103.52;0
2003-03-01;GO;124.05;0
2003-03-01;DF;124.05;0
2003-03-01;BA;111.51;0
2003-03-01;CE;107.01;0
2003-03-01;PE;BETS-package: Sorry. This series is not yet available. Series is empty in the BACEN databases;0
2003-03-01;sao_paulo;108.35;0
2003-03-01;minas_gerais;110.54;0
2003-03-01;espirito_santo;112.31;0
2003-03-01;Rio_de_Janeiro;105.35;0
2003-04-01;SC;109.97;0
2003-04-01;parana;112.96;0
2003-04-01;RS;102.41;0
2003-04-01;GO;123.57;0
2003-04-01;DF;123.57;0
2003-04-01;BA;114.46;0
2003-04-01;CE;107.8;0
2003-04-01;PE;BETS-package: Sorry. This series is not yet available. Series is empty in the BACEN databases;0
2003-04-01;sao_paulo;108.62;0
2003-04-01;minas_gerais;110.81;0
2003-04-01;espirito_santo;112.08;0
2003-04-01;Rio_de_Janeiro;105.87;0
2003-05-01;SC;109.95;0
2003-05-01;parana;112.27;0
2003-05-01;RS;104.33;0
2003-05-01;GO;113.6;0
2003-05-01;DF;113.6;0
2003-05-01;BA;112.55;0
2003-05-01;CE;107.75;0
2003-05-01;PE;BETS-package: Sorry. This series is not yet available. Series is empty in the BACEN databases;0
2003-05-01;sao_paulo;109.14;0
2003-05-01;minas_gerais;109.68;0
2003-05-01;espirito_santo;110.33;0
2003-05-01;Rio_de_Janeiro;107.31;0
2003-06-01;SC;109.76;0
2003-06-01;parana;111.13;0
2003-06-01;RS;106.31;0
2003-06-01;GO;115.79;0
2003-06-01;DF;115.79;0
2003-06-01;BA;113.97;0
2003-06-01;CE;108.33;0
2003-06-01;PE;BETS-package: Sorry. This series is not yet available. Series is empty in the BACEN databases;0
2003-06-01;sao_paulo;109.71;0
2003-06-01;minas_gerais;110.8;0
2003-06-01;espirito_santo;108.73;0
2003-06-01;Rio_de_Janeiro;106.64;0
2003-07-01;SC;108.86;0
2003-07-01;parana;111.05;0
2003-07-01;RS;105.43;0
2003-07-01;GO;114.94;0
2003-07-01;DF;114.94;0
2003-07-01;BA;115.82;0
2003-07-01;CE;109.08;0
2003-07-01;PE;BETS-package: Sorry. This series is not yet available. Series is empty in the BACEN databases;0
2003-07-01;sao_paulo;109.22;0
2003-07-01;minas_gerais;110.43;0
2003-07-01;espirito_santo;107.96;0
2003-07-01;Rio_de_Janeiro;106.82;0
2003-08-01;SC;109.08;0
2003-08-01;parana;111.38;0
2003-08-01;RS;106.72;0
2003-08-01;GO;115.09;0
2003-08-01;DF;115.09;0
2003-08-01;BA;116.69;0
2003-08-01;CE;108.98;0
2003-08-01;PE;BETS-package: Sorry. This series is not yet available. Series is empty in the BACEN databases;0
2003-08-01;sao_paulo;109.95;0
2003-08-01;minas_gerais;110.15;0
2003-08-01;espirito_santo;110.75;0
2003-08-01;Rio_de_Janeiro;107.42;0
2003-09-01;SC;107.79;0
2003-09-01;parana;112.01;0
2003-09-01;RS;103.86;0
2003-09-01;GO;115.11;0
2003-09-01;DF;115.11;0
2003-09-01;BA;114.45;0
2003-09-01;CE;109.17;0
2003-09-01;PE;BETS-package: Sorry. This series is not yet available. Series is empty in the BACEN databases;0
2003-09-01;sao_paulo;109.67;0
2003-09-01;minas_gerais;110.37;0
2003-09-01;espirito_santo;112.95;0
2003-09-01;Rio_de_Janeiro;108.63;0
2003-10-01;SC;110.28;0
2003-10-01;parana;111.63;0
2003-10-01;RS;105;0
2003-10-01;GO;115.08;0
2003-10-01;DF;115.08;0
2003-10-01;BA;113.74;0
2003-10-01;CE;110.41;0
2003-10-01;PE;BETS-package: Sorry. This series is not yet available. Series is empty in the BACEN databases;0
2003-10-01;sao_paulo;110.23;0
2003-10-01;minas_gerais;111.06;0
2003-10-01;espirito_santo;114.89;0
2003-10-01;Rio_de_Janeiro;108.42;0
2003-11-01;SC;110.82;0
2003-11-01;parana;110.8;0
2003-11-01;RS;106.15;0
2003-11-01;GO;117.33;0
2003-11-01;DF;117.33;0
2003-11-01;BA;113.32;0
2003-11-01;CE;111.15;0
2003-11-01;PE;BETS-package: Sorry. This series is not yet available. Series is empty in the BACEN databases;0
2003-11-01;sao_paulo;111.2;0
2003-11-01;minas_gerais;110.97;0
2003-11-01;espirito_santo;114.38;0
2003-11-01;Rio_de_Janeiro;109.21;0
2003-12-01;SC;110.73;0
2003-12-01;parana;110.85;0
2003-12-01;RS;105.89;0
2003-12-01;GO;119.49;0
2003-12-01;DF;119.49;0
2003-12-01;BA;114.86;0
2003-12-01;CE;111.89;0
2003-12-01;PE;BETS-package: Sorry. This series is not yet available. Series is empty in the BACEN databases;0
2003-12-01;sao_paulo;111.89;0
2003-12-01;minas_gerais;111.47;0
2003-12-01;espirito_santo;114.5;0
2003-12-01;Rio_de_Janeiro;109.06;0
2004-01-01;SC;111.69;0
2004-01-01;parana;114.21;0
2004-01-01;RS;107.97;0
2004-01-01;GO;120.46;0
2004-01-01;DF;120.46;0
2004-01-01;BA;116.44;0
2004-01-01;CE;113.23;0
2004-01-01;PE;BETS-package: Sorry. This series is not yet available. Series is empty in the BACEN databases;0
2004-01-01;sao_paulo;112.58;0
2004-01-01;minas_gerais;113.51;0
2004-01-01;espirito_santo;117.81;0
2004-01-01;Rio_de_Janeiro;109.95;0
2004-02-01;SC;111.16;0
2004-02-01;parana;112.36;0
2004-02-01;RS;108.81;0
2004-02-01;GO;117.71;0
2004-02-01;DF;117.71;0
2004-02-01;BA;117.79;0
2004-02-01;CE;113.46;0
2004-02-01;PE;BETS-package: Sorry. This series is not yet available. Series is empty in the BACEN databases;0
2004-02-01;sao_paulo;112.87;0
2004-02-01;minas_gerais;114.02;0
2004-02-01;espirito_santo;115.79;0
2004-02-01;Rio_de_Janeiro;110.5;0
2004-03-01;SC;110.94;0
2004-03-01;parana;110.52;0
2004-03-01;RS;108.56;0
2004-03-01;GO;117.73;0
2004-03-01;DF;117.73;0
2004-03-01;BA;115.1;0
2004-03-01;CE;115.31;0
2004-03-01;PE;BETS-package: Sorry. This series is not yet available. Series is empty in the BACEN databases;0
2004-03-01;sao_paulo;113.54;0
2004-03-01;minas_gerais;113.12;0
2004-03-01;espirito_santo;117.39;0
2004-03-01;Rio_de_Janeiro;109.74;0
2004-04-01;SC;111.49;0
2004-04-01;parana;112.9;0
2004-04-01;RS;108.9;0
2004-04-01;GO;118.54;0
2004-04-01;DF;118.54;0
2004-04-01;BA;114.94;0
2004-04-01;CE;116.11;0
2004-04-01;PE;BETS-package: Sorry. This series is not yet available. Series is empty in the BACEN databases;0
2004-04-01;sao_paulo;114.45;0
2004-04-01;minas_gerais;114.16;0
2004-04-01;espirito_santo;118.13;0
2004-04-01;Rio_de_Janeiro;110.68;0
2004-05-01;SC;112.35;0
2004-05-01;parana;115.99;0
2004-05-01;RS;108.48;0
2004-05-01;GO;120.91;0
2004-05-01;DF;120.91;0
2004-05-01;BA;115.95;0
2004-05-01;CE;118.83;0
2004-05-01;PE;BETS-package: Sorry. This series is not yet available. Series is empty in the BACEN databases;0
2004-05-01;sao_paulo;114.85;0
2004-05-01;minas_gerais;115.63;0
2004-05-01;espirito_santo;117.15;0
2004-05-01;Rio_de_Janeiro;110.97;0
2004-06-01;SC;111.8;0
2004-06-01;parana;115.4;0
2004-06-01;RS;108.6;0
2004-06-01;GO;119.56;0
2004-06-01;DF;119.56;0
2004-06-01;BA;115.98;0
2004-06-01;CE;118.72;0
2004-06-01;PE;BETS-package: Sorry. This series is not yet available. Series is empty in the BACEN databases;0
2004-06-01;sao_paulo;114.2;0
2004-06-01;minas_gerais;115.86;0
2004-06-01;espirito_santo;120.75;0
2004-06-01;Rio_de_Janeiro;108.63;0
2004-07-01;SC;113.92;0
2004-07-01;parana;115.66;0
2004-07-01;RS;109.2;0
2004-07-01;GO;119.04;0
2004-07-01;DF;119.04;0
2004-07-01;BA;116.49;0
2004-07-01;CE;120.42;0
2004-07-01;PE;BETS-package: Sorry. This series is not yet available. Series is empty in the BACEN databases;0
2004-07-01;sao_paulo;115.49;0
2004-07-01;minas_gerais;117.73;0
2004-07-01;espirito_santo;120.02;0
2004-07-01;Rio_de_Janeiro;111.41;0
2004-08-01;SC;113.42;0
2004-08-01;parana;115.57;0
2004-08-01;RS;109.27;0
2004-08-01;GO;122.16;0
2004-08-01;DF;122.16;0
2004-08-01;BA;118.64;0
2004-08-01;CE;120.04;0
2004-08-01;PE;BETS-package: Sorry. This series is not yet available. Series is empty in the BACEN databases;0
2004-08-01;sao_paulo;115.25;0
2004-08-01;minas_gerais;116.5;0
2004-08-01;espirito_santo;116;0
2004-08-01;Rio_de_Janeiro;111.66;0
2004-09-01;SC;113.39;0
2004-09-01;parana;112.33;0
2004-09-01;RS;110.31;0
2004-09-01;GO;122.3;0
2004-09-01;DF;122.3;0
2004-09-01;BA;118.89;0
2004-09-01;CE;119.29;0
2004-09-01;PE;BETS-package: Sorry. This series is not yet available. Series is empty in the BACEN databases;0
2004-09-01;sao_paulo;115.22;0
2004-09-01;minas_gerais;116.91;0
2004-09-01;espirito_santo;120.93;0
2004-09-01;Rio_de_Janeiro;111.59;0
2004-10-01;SC;114.26;0
2004-10-01;parana;116.33;0
2004-10-01;RS;109.86;0
2004-10-01;GO;123.17;0
2004-10-01;DF;123.17;0
2004-10-01;BA;119.47;0
2004-10-01;CE;120.21;0
2004-10-01;PE;BETS-package: Sorry. This series is not yet available. Series is empty in the BACEN databases;0
2004-10-01;sao_paulo;116.26;0
2004-10-01;minas_gerais;117.38;0
2004-10-01;espirito_santo;121.81;0
2004-10-01;Rio_de_Janeiro;112.55;0
2004-11-01;SC;114.8;0
2004-11-01;parana;117.85;0
2004-11-01;RS;109.96;0
2004-11-01;GO;125.21;0
2004-11-01;DF;125.21;0
2004-11-01;BA;119.29;0
2004-11-01;CE;118.58;0
2004-11-01;PE;BETS-package: Sorry. This series is not yet available. Series is empty in the BACEN databases;0
2004-11-01;sao_paulo;116.7;0
2004-11-01;minas_gerais;118.29;0
2004-11-01;espirito_santo;123.05;0
2004-11-01;Rio_de_Janeiro;112.98;0
2004-12-01;SC;116.22;0
2004-12-01;parana;120.1;0
2004-12-01;RS;112.28;0
2004-12-01;GO;125.93;0
2004-12-01;DF;125.93;0
2004-12-01;BA;119.54;0
2004-12-01;CE;118.53;0
2004-12-01;PE;BETS-package: Sorry. This series is not yet available. Series is empty in the BACEN databases;0
2004-12-01;sao_paulo;117.76;0
2004-12-01;minas_gerais;119.23;0
2004-12-01;espirito_santo;123.71;0
2004-12-01;Rio_de_Janeiro;113.83;0
2005-01-01;SC;116.33;0
2005-01-01;parana;120.48;0
2005-01-01;RS;113.61;0
2005-01-01;GO;127.6;0
2005-01-01;DF;127.6;0
2005-01-01;BA;120.76;0
2005-01-01;CE;119.31;0
2005-01-01;PE;BETS-package: Sorry. This series is not yet available. Series is empty in the BACEN databases;0
2005-01-01;sao_paulo;118.38;0
2005-01-01;minas_gerais;119.89;0
2005-01-01;espirito_santo;122.55;0
2005-01-01;Rio_de_Janeiro;113.67;0
2005-02-01;SC;119.64;0
2005-02-01;parana;120.11;0
2005-02-01;RS;115.36;0
2005-02-01;GO;119.95;0
2005-02-01;DF;119.95;0
2005-02-01;BA;120.08;0
2005-02-01;CE;120.07;0
2005-02-01;PE;BETS-package: Sorry. This series is not yet available. Series is empty in the BACEN databases;0
2005-02-01;sao_paulo;119.57;0
2005-02-01;minas_gerais;120.25;0
2005-02-01;espirito_santo;123.32;0
2005-02-01;Rio_de_Janeiro;113.6;0
2005-03-01;SC;117.04;0
2005-03-01;parana;119.38;0
2005-03-01;RS;112.79;0
2005-03-01;GO;120.97;0
2005-03-01;DF;120.97;0
2005-03-01;BA;117.62;0
2005-03-01;CE;119.51;0
2005-03-01;PE;BETS-package: Sorry. This series is not yet available. Series is empty in the BACEN databases;0
2005-03-01;sao_paulo;119.67;0
2005-03-01;minas_gerais;120.41;0
2005-03-01;espirito_santo;123.99;0
2005-03-01;Rio_de_Janeiro;114.67;0
2005-04-01;SC;118.93;0
2005-04-01;parana;122.29;0
2005-04-01;RS;115.09;0
2005-04-01;GO;121.67;0
2005-04-01;DF;121.67;0
2005-04-01;BA;116.62;0
2005-04-01;CE;119.68;0
2005-04-01;PE;BETS-package: Sorry. This series is not yet available. Series is empty in the BACEN databases;0
2005-04-01;sao_paulo;121.16;0
2005-04-01;minas_gerais;121.64;0
2005-04-01;espirito_santo;124.76;0
2005-04-01;Rio_de_Janeiro;114.68;0
2005-05-01;SC;119.88;0
2005-05-01;parana;122.72;0
2005-05-01;RS;116.38;0
2005-05-01;GO;127.37;0
2005-05-01;DF;127.37;0
2005-05-01;BA;121.02;0
2005-05-01;CE;119.92;0
2005-05-01;PE;BETS-package: Sorry. This series is not yet available. Series is empty in the BACEN databases;0
2005-05-01;sao_paulo;121.98;0
2005-05-01;minas_gerais;122.3;0
2005-05-01;espirito_santo;129.59;0
2005-05-01;Rio_de_Janeiro;114.63;0
2005-06-01;SC;120.67;0
2005-06-01;parana;124.56;0
2005-06-01;RS;116.67;0
2005-06-01;GO;124.67;0
2005-06-01;DF;124.67;0
2005-06-01;BA;122.6;0
2005-06-01;CE;119.69;0
2005-06-01;PE;BETS-package: Sorry. This series is not yet available. Series is empty in the BACEN databases;0
2005-06-01;sao_paulo;123.35;0
2005-06-01;minas_gerais;121.57;0
2005-06-01;espirito_santo;127.89;0
2005-06-01;Rio_de_Janeiro;114.65;0
2005-07-01;SC;120.68;0
2005-07-01;parana;124.79;0
2005-07-01;RS;116.86;0
2005-07-01;GO;124.67;0
2005-07-01;DF;124.67;0
2005-07-01;BA;123.78;0
2005-07-01;CE;119.63;0
2005-07-01;PE;BETS-package: Sorry. This series is not yet available. Series is empty in the BACEN databases;0
2005-07-01;sao_paulo;124.47;0
2005-07-01;minas_gerais;122.54;0
2005-07-01;espirito_santo;127.58;0
2005-07-01;Rio_de_Janeiro;114.82;0
2005-08-01;SC;121.18;0
2005-08-01;parana;125.42;0
2005-08-01;RS;117.2;0
2005-08-01;GO;129.44;0
2005-08-01;DF;129.44;0
2005-08-01;BA;123.13;0
2005-08-01;CE;119.94;0
2005-08-01;PE;BETS-package: Sorry. This series is not yet available. Series is empty in the BACEN databases;0
2005-08-01;sao_paulo;125.36;0
2005-08-01;minas_gerais;123.76;0
2005-08-01;espirito_santo;128.33;0
2005-08-01;Rio_de_Janeiro;115.28;0
2005-09-01;SC;122.36;0
2005-09-01;parana;124.34;0
2005-09-01;RS;117.65;0
2005-09-01;GO;129.6;0
2005-09-01;DF;129.6;0
2005-09-01;BA;123.87;0
2005-09-01;CE;122.69;0
2005-09-01;PE;BETS-package: Sorry. This series is not yet available. Series is empty in the BACEN databases;0
2005-09-01;sao_paulo;126.99;0
2005-09-01;minas_gerais;123.7;0
2005-09-01;espirito_santo;123.59;0
2005-09-01;Rio_de_Janeiro;115.24;0
2005-10-01;SC;123.29;0
2005-10-01;parana;129.26;0
2005-10-01;RS;119.1;0
2005-10-01;GO;132.03;0
2005-10-01;DF;132.03;0
2005-10-01;BA;125.61;0
2005-10-01;CE;128.66;0
2005-10-01;PE;BETS-package: Sorry. This series is not yet available. Series is empty in the BACEN databases;0
2005-10-01;sao_paulo;127.6;0
2005-10-01;minas_gerais;125.08;0
2005-10-01;espirito_santo;129.1;0
2005-10-01;Rio_de_Janeiro;115.87;0
2005-11-01;SC;123.67;0
2005-11-01;parana;127.98;0
2005-11-01;RS;120.37;0
2005-11-01;GO;133.56;0
2005-11-01;DF;133.56;0
2005-11-01;BA;125.23;0
2005-11-01;CE;124.13;0
2005-11-01;PE;BETS-package: Sorry. This series is not yet available. Series is empty in the BACEN databases;0
2005-11-01;sao_paulo;128.11;0
2005-11-01;minas_gerais;126.82;0
2005-11-01;espirito_santo;132.63;0
2005-11-01;Rio_de_Janeiro;116.58;0
2005-12-01;SC;122.97;0
2005-12-01;parana;129.65;0
2005-12-01;RS;120.68;0
2005-12-01;GO;132.82;0
2005-12-01;DF;132.82;0
2005-12-01;BA;126.46;0
2005-12-01;CE;125.61;0
2005-12-01;PE;BETS-package: Sorry. This series is not yet available. Series is empty in the BACEN databases;0
2005-12-01;sao_paulo;128.16;0
2005-12-01;minas_gerais;127.59;0
2005-12-01;espirito_santo;137.81;0
2005-12-01;Rio_de_Janeiro;117.46;0
2006-01-01;SC;121.54;0
2006-01-01;parana;130.96;0
2006-01-01;RS;119.61;0
2006-01-01;GO;134.64;0
2006-01-01;DF;134.64;0
2006-01-01;BA;126.29;0
2006-01-01;CE;124.47;0
2006-01-01;PE;BETS-package: Sorry. This series is not yet available. Series is empty in the BACEN databases;0
2006-01-01;sao_paulo;129.21;0
2006-01-01;minas_gerais;128.21;0
2006-01-01;espirito_santo;133.17;0
2006-01-01;Rio_de_Janeiro;118.13;0
2006-02-01;SC;123;0
2006-02-01;parana;128.7;0
2006-02-01;RS;120.31;0
2006-02-01;GO;132.89;0
2006-02-01;DF;132.89;0
2006-02-01;BA;126.72;0
2006-02-01;CE;125.34;0
2006-02-01;PE;BETS-package: Sorry. This series is not yet available. Series is empty in the BACEN databases;0
2006-02-01;sao_paulo;129.12;0
2006-02-01;minas_gerais;124.99;0
2006-02-01;espirito_santo;131.69;0
2006-02-01;Rio_de_Janeiro;117.56;0
2006-03-01;SC;123.45;0
2006-03-01;parana;130.35;0
2006-03-01;RS;117.65;0
2006-03-01;GO;132.04;0
2006-03-01;DF;132.04;0
2006-03-01;BA;126.16;0
2006-03-01;CE;127.28;0
2006-03-01;PE;BETS-package: Sorry. This series is not yet available. Series is empty in the BACEN databases;0
2006-03-01;sao_paulo;130.64;0
2006-03-01;minas_gerais;128.17;0
2006-03-01;espirito_santo;136.79;0
2006-03-01;Rio_de_Janeiro;118.87;0
2006-04-01;SC;124.55;0
2006-04-01;parana;131.56;0
2006-04-01;RS;118.83;0
2006-04-01;GO;133.23;0
2006-04-01;DF;133.23;0
2006-04-01;BA;127.34;0
2006-04-01;CE;126.72;0
2006-04-01;PE;BETS-package: Sorry. This series is not yet available. Series is empty in the BACEN databases;0
2006-04-01;sao_paulo;131.99;0
2006-04-01;minas_gerais;128.59;0
2006-04-01;espirito_santo;137.07;0
2006-04-01;Rio_de_Janeiro;118.71;0
2006-05-01;SC;124.96;0
2006-05-01;parana;134.55;0
2006-05-01;RS;121.43;0
2006-05-01;GO;136.96;0
2006-05-01;DF;136.96;0
2006-05-01;BA;128.01;0
2006-05-01;CE;129.63;0
2006-05-01;PE;BETS-package: Sorry. This series is not yet available. Series is empty in the BACEN databases;0
2006-05-01;sao_paulo;132.16;0
2006-05-01;minas_gerais;129.56;0
2006-05-01;espirito_santo;141.2;0
2006-05-01;Rio_de_Janeiro;120.59;0
2006-06-01;SC;125.96;0
2006-06-01;parana;134.48;0
2006-06-01;RS;123.36;0
2006-06-01;GO;137.9;0
2006-06-01;DF;137.9;0
2006-06-01;BA;126.21;0
2006-06-01;CE;130.87;0
2006-06-01;PE;BETS-package: Sorry. This series is not yet available. Series is empty in the BACEN databases;0
2006-06-01;sao_paulo;133.63;0
2006-06-01;minas_gerais;132.06;0
2006-06-01;espirito_santo;138.7;0
2006-06-01;Rio_de_Janeiro;121.32;0
2006-07-01;SC;127.17;0
2006-07-01;parana;136.38;0
2006-07-01;RS;122.48;0
2006-07-01;GO;138.66;0
2006-07-01;DF;138.66;0
2006-07-01;BA;127.67;0
2006-07-01;CE;131.07;0
2006-07-01;PE;BETS-package: Sorry. This series is not yet available. Series is empty in the BACEN databases;0
2006-07-01;sao_paulo;134.07;0
2006-07-01;minas_gerais;132.05;0
2006-07-01;espirito_santo;138.49;0
2006-07-01;Rio_de_Janeiro;121.94;0
2006-08-01;SC;127.69;0
2006-08-01;parana;135.61;0
2006-08-01;RS;122.88;0
2006-08-01;GO;137.02;0
2006-08-01;DF;137.02;0
2006-08-01;BA;132.05;0
2006-08-01;CE;132.98;0
2006-08-01;PE;BETS-package: Sorry. This series is not yet available. Series is empty in the BACEN databases;0
2006-08-01;sao_paulo;133.83;0
2006-08-01;minas_gerais;130.75;0
2006-08-01;espirito_santo;137.01;0
2006-08-01;Rio_de_Janeiro;122.43;0
2006-09-01;SC;129.18;0
2006-09-01;parana;137.07;0
2006-09-01;RS;125.43;0
2006-09-01;GO;137.41;0
2006-09-01;DF;137.41;0
2006-09-01;BA;129.55;0
2006-09-01;CE;131.27;0
2006-09-01;PE;BETS-package: Sorry. This series is not yet available. Series is empty in the BACEN databases;0
2006-09-01;sao_paulo;135.41;0
2006-09-01;minas_gerais;131.51;0
2006-09-01;espirito_santo;137.5;0
2006-09-01;Rio_de_Janeiro;122.55;0
2006-10-01;SC;124.75;0
2006-10-01;parana;135.23;0
2006-10-01;RS;121.89;0
2006-10-01;GO;138.41;0
2006-10-01;DF;138.41;0
2006-10-01;BA;126.55;0
2006-10-01;CE;133.8;0
2006-10-01;PE;BETS-package: Sorry. This series is not yet available. Series is empty in the BACEN databases;0
2006-10-01;sao_paulo;133.66;0
2006-10-01;minas_gerais;130.39;0
2006-10-01;espirito_santo;132.24;0
2006-10-01;Rio_de_Janeiro;122.18;0
2006-11-01;SC;122.28;0
2006-11-01;parana;133.53;0
2006-11-01;RS;119.91;0
2006-11-01;GO;135.81;0
2006-11-01;DF;135.81;0
2006-11-01;BA;126.54;0
2006-11-01;CE;126.26;0
2006-11-01;PE;BETS-package: Sorry. This series is not yet available. Series is empty in the BACEN databases;0
2006-11-01;sao_paulo;132.91;0
2006-11-01;minas_gerais;125.88;0
2006-11-01;espirito_santo;124.29;0
2006-11-01;Rio_de_Janeiro;121.47;0
2006-12-01;SC;120.24;0
2006-12-01;parana;127.87;0
2006-12-01;RS;116.79;0
2006-12-01;GO;136.82;0
2006-12-01;DF;136.82;0
2006-12-01;BA;124.16;0
2006-12-01;CE;126.74;0
2006-12-01;PE;BETS-package: Sorry. This series is not yet available. Series is empty in the BACEN databases;0
2006-12-01;sao_paulo;129.44;0
2006-12-01;minas_gerais;120.31;0
2006-12-01;espirito_santo;122.8;0
2006-12-01;Rio_de_Janeiro;120.33;0
2007-01-01;SC;122.65;0
2007-01-01;parana;129.73;0
2007-01-01;RS;117.12;0
2007-01-01;GO;137.27;0
2007-01-01;DF;137.27;0
2007-01-01;BA;123.01;0
2007-01-01;CE;127.05;0
2007-01-01;PE;BETS-package: Sorry. This series is not yet available. Series is empty in the BACEN databases;0
2007-01-01;sao_paulo;130.69;0
2007-01-01;minas_gerais;119.37;0
2007-01-01;espirito_santo;118.53;0
2007-01-01;Rio_de_Janeiro;122.15;0
2007-02-01;SC;123.65;0
2007-02-01;parana;130.21;0
2007-02-01;RS;119.3;0
2007-02-01;GO;137.84;0
2007-02-01;DF;137.84;0
2007-02-01;BA;128.25;0
2007-02-01;CE;128.2;0
2007-02-01;PE;BETS-package: Sorry. This series is not yet available. Series is empty in the BACEN databases;0
2007-02-01;sao_paulo;130.9;0
2007-02-01;minas_gerais;122.67;0
2007-02-01;espirito_santo;123.03;0
2007-02-01;Rio_de_Janeiro;122.25;0
2007-03-01;SC;123.06;0
2007-03-01;parana;129.02;0
2007-03-01;RS;122.22;0
2007-03-01;GO;138.82;0
2007-03-01;DF;138.82;0
2007-03-01;BA;125.64;0
2007-03-01;CE;128.32;0
2007-03-01;PE;BETS-package: Sorry. This series is not yet available. Series is empty in the BACEN databases;0
2007-03-01;sao_paulo;131.25;0
2007-03-01;minas_gerais;123.83;0
2007-03-01;espirito_santo;121.23;0
2007-03-01;Rio_de_Janeiro;124.71;0
2007-04-01;SC;123.62;0
2007-04-01;parana;129.63;0
2007-04-01;RS;122.57;0
2007-04-01;GO;139.59;0
2007-04-01;DF;139.59;0
2007-04-01;BA;124.14;0
2007-04-01;CE;129.18;0
2007-04-01;PE;BETS-package: Sorry. This series is not yet available. Series is empty in the BACEN databases;0
2007-04-01;sao_paulo;131.73;0
2007-04-01;minas_gerais;124.26;0
2007-04-01;espirito_santo;124.81;0
2007-04-01;Rio_de_Janeiro;124.11;0
2007-05-01;SC;125.11;0
2007-05-01;parana;129.41;0
2007-05-01;RS;121.56;0
2007-05-01;GO;137.2;0
2007-05-01;DF;137.2;0
2007-05-01;BA;125.53;0
2007-05-01;CE;128.98;0
2007-05-01;PE;BETS-package: Sorry. This series is not yet available. Series is empty in the BACEN databases;0
2007-05-01;sao_paulo;132.28;0
2007-05-01;minas_gerais;123.76;0
2007-05-01;espirito_santo;127.57;0
2007-05-01;Rio_de_Janeiro;125.5;0
2007-06-01;SC;127.55;0
2007-06-01;parana;129.35;0
2007-06-01;RS;122.59;0
2007-06-01;GO;137.92;0
2007-06-01;DF;137.92;0
2007-06-01;BA;127.19;0
2007-06-01;CE;130.51;0
2007-06-01;PE;BETS-package: Sorry. This series is not yet available. Series is empty in the BACEN databases;0
2007-06-01;sao_paulo;133.01;0
2007-06-01;minas_gerais;125.22;0
2007-06-01;espirito_santo;128.13;0
2007-06-01;Rio_de_Janeiro;125.35;0
2007-07-01;SC;126.25;0
2007-07-01;parana;129.02;0
2007-07-01;RS;121.95;0
2007-07-01;GO;139.41;0
2007-07-01;DF;139.41;0
2007-07-01;BA;124.92;0
2007-07-01;CE;131.8;0
2007-07-01;PE;BETS-package: Sorry. This series is not yet available. Series is empty in the BACEN databases;0
2007-07-01;sao_paulo;131.18;0
2007-07-01;minas_gerais;125.43;0
2007-07-01;espirito_santo;129.71;0
2007-07-01;Rio_de_Janeiro;125.65;0
2007-08-01;SC;127.45;0
2007-08-01;parana;131.61;0
2007-08-01;RS;123.06;0
2007-08-01;GO;138.6;0
2007-08-01;DF;138.6;0
2007-08-01;BA;132.31;0
2007-08-01;CE;133.01;0
2007-08-01;PE;BETS-package: Sorry. This series is not yet available. Series is empty in the BACEN databases;0
2007-08-01;sao_paulo;132.47;0
2007-08-01;minas_gerais;127.03;0
2007-08-01;espirito_santo;133.63;0
2007-08-01;Rio_de_Janeiro;126;0
2007-09-01;SC;128.9;0
2007-09-01;parana;130.84;0
2007-09-01;RS;124.71;0
2007-09-01;GO;141.02;0
2007-09-01;DF;141.02;0
2007-09-01;BA;133.61;0
2007-09-01;CE;134.05;0
2007-09-01;PE;BETS-package: Sorry. This series is not yet available. Series is empty in the BACEN databases;0
2007-09-01;sao_paulo;133.95;0
2007-09-01;minas_gerais;129.14;0
2007-09-01;espirito_santo;135.89;0
2007-09-01;Rio_de_Janeiro;128.05;0
2007-10-01;SC;129.89;0
2007-10-01;parana;134.91;0
2007-10-01;RS;124.53;0
2007-10-01;GO;139.83;0
2007-10-01;DF;139.83;0
2007-10-01;BA;132.21;0
2007-10-01;CE;135.11;0
2007-10-01;PE;BETS-package: Sorry. This series is not yet available. Series is empty in the BACEN databases;0
2007-10-01;sao_paulo;134.85;0
2007-10-01;minas_gerais;130.42;0
2007-10-01;espirito_santo;137.01;0
2007-10-01;Rio_de_Janeiro;128;0
2007-11-01;SC;129.66;0
2007-11-01;parana;135.33;0
2007-11-01;RS;124.42;0
2007-11-01;GO;141.45;0
2007-11-01;DF;141.45;0
2007-11-01;BA;133.24;0
2007-11-01;CE;135.19;0
2007-11-01;PE;BETS-package: Sorry. This series is not yet available. Series is empty in the BACEN databases;0
2007-11-01;sao_paulo;135.58;0
2007-11-01;minas_gerais;131.6;0
2007-11-01;espirito_santo;138.09;0
2007-11-01;Rio_de_Janeiro;127.15;0
2007-12-01;SC;131.3;0
2007-12-01;parana;139.09;0
2007-12-01;RS;128.35;0
2007-12-01;GO;142.94;0
2007-12-01;DF;142.94;0
2007-12-01;BA;135.1;0
2007-12-01;CE;136.86;0
2007-12-01;PE;BETS-package: Sorry. This series is not yet available. Series is empty in the BACEN databases;0
2007-12-01;sao_paulo;137.14;0
2007-12-01;minas_gerais;132.26;0
2007-12-01;espirito_santo;142.51;0
2007-12-01;Rio_de_Janeiro;128.47;0
2008-01-01;SC;132.1;0
2008-01-01;parana;139.93;0
2008-01-01;RS;127;0
2008-01-01;GO;146.44;0
2008-01-01;DF;146.44;0
2008-01-01;BA;135.07;0
2008-01-01;CE;139.48;0
2008-01-01;PE;BETS-package: Sorry. This series is not yet available. Series is empty in the BACEN databases;0
2008-01-01;sao_paulo;137.99;0
2008-01-01;minas_gerais;133.49;0
2008-01-01;espirito_santo;147.17;0
2008-01-01;Rio_de_Janeiro;129.67;0
2008-02-01;SC;132.49;0
2008-02-01;parana;143.56;0
2008-02-01;RS;127.75;0
2008-02-01;GO;149.41;0
2008-02-01;DF;149.41;0
2008-02-01;BA;135.49;0
2008-02-01;CE;139.08;0
2008-02-01;PE;BETS-package: Sorry. This series is not yet available. Series is empty in the BACEN databases;0
2008-02-01;sao_paulo;138.51;0
2008-02-01;minas_gerais;135.91;0
2008-02-01;espirito_santo;146.84;0
2008-02-01;Rio_de_Janeiro;130.7;0
2008-03-01;SC;134.62;0
2008-03-01;parana;148.56;0
2008-03-01;RS;129.57;0
2008-03-01;GO;151.49;0
2008-03-01;DF;151.49;0
2008-03-01;BA;137.22;0
2008-03-01;CE;141.35;0
2008-03-01;PE;BETS-package: Sorry. This series is not yet available. Series is empty in the BACEN databases;0
2008-03-01;sao_paulo;139.68;0
2008-03-01;minas_gerais;137.03;0
2008-03-01;espirito_santo;147.97;0
2008-03-01;Rio_de_Janeiro;130.4;0
2008-04-01;SC;135.28;0
2008-04-01;parana;144.45;0
2008-04-01;RS;130.24;0
2008-04-01;GO;150.68;0
2008-04-01;DF;150.68;0
2008-04-01;BA;139.32;0
2008-04-01;CE;140.99;0
2008-04-01;PE;BETS-package: Sorry. This series is not yet available. Series is empty in the BACEN databases;0
2008-04-01;sao_paulo;139.53;0
2008-04-01;minas_gerais;136.7;0
2008-04-01;espirito_santo;147.95;0
2008-04-01;Rio_de_Janeiro;130.75;0
2008-05-01;SC;134.52;0
2008-05-01;parana;144.35;0
2008-05-01;RS;129.69;0
2008-05-01;GO;146.53;0
2008-05-01;DF;146.53;0
2008-05-01;BA;137.95;0
2008-05-01;CE;139.38;0
2008-05-01;PE;BETS-package: Sorry. This series is not yet available. Series is empty in the BACEN databases;0
2008-05-01;sao_paulo;139.91;0
2008-05-01;minas_gerais;136.79;0
2008-05-01;espirito_santo;145.03;0
2008-05-01;Rio_de_Janeiro;131.6;0
2008-06-01;SC;134.28;0
2008-06-01;parana;144.79;0
2008-06-01;RS;130.9;0
2008-06-01;GO;142.98;0
2008-06-01;DF;142.98;0
2008-06-01;BA;136.12;0
2008-06-01;CE;139.15;0
2008-06-01;PE;BETS-package: Sorry. This series is not yet available. Series is empty in the BACEN databases;0
2008-06-01;sao_paulo;140.26;0
2008-06-01;minas_gerais;135.83;0
2008-06-01;espirito_santo;150.37;0
2008-06-01;Rio_de_Janeiro;131.98;0
2008-07-01;SC;132.62;0
2008-07-01;parana;144.29;0
2008-07-01;RS;132.4;0
2008-07-01;GO;146.48;0
2008-07-01;DF;146.48;0
2008-07-01;BA;136.35;0
2008-07-01;CE;140.15;0
2008-07-01;PE;BETS-package: Sorry. This series is not yet available. Series is empty in the BACEN databases;0
2008-07-01;sao_paulo;140.37;0
2008-07-01;minas_gerais;136.06;0
2008-07-01;espirito_santo;152.56;0
2008-07-01;Rio_de_Janeiro;132.55;0
2008-08-01;SC;133.59;0
2008-08-01;parana;143.35;0
2008-08-01;RS;131.34;0
2008-08-01;GO;148.69;0
2008-08-01;DF;148.69;0
2008-08-01;BA;138.19;0
2008-08-01;CE;139.99;0
2008-08-01;PE;BETS-package: Sorry. This series is not yet available. Series is empty in the BACEN databases;0
2008-08-01;sao_paulo;141.88;0
2008-08-01;minas_gerais;137.24;0
2008-08-01;espirito_santo;154.58;0
2008-08-01;Rio_de_Janeiro;133.19;0
2008-09-01;SC;133.54;0
2008-09-01;parana;145.87;0
2008-09-01;RS;130.23;0
2008-09-01;GO;150.23;0
2008-09-01;DF;150.23;0
2008-09-01;BA;138.19;0
2008-09-01;CE;141.88;0
2008-09-01;PE;BETS-package: Sorry. This series is not yet available. Series is empty in the BACEN databases;0
2008-09-01;sao_paulo;141.58;0
2008-09-01;minas_gerais;138.39;0
2008-09-01;espirito_santo;154.79;0
2008-09-01;Rio_de_Janeiro;133.59;0
2008-10-01;SC;134.05;0
2008-10-01;parana;145.76;0
2008-10-01;RS;130.04;0
2008-10-01;GO;151.3;0
2008-10-01;DF;151.3;0
2008-10-01;BA;141.24;0
2008-10-01;CE;141.88;0
2008-10-01;PE;BETS-package: Sorry. This series is not yet available. Series is empty in the BACEN databases;0
2008-10-01;sao_paulo;141.55;0
2008-10-01;minas_gerais;138.61;0
2008-10-01;espirito_santo;156.73;0
2008-10-01;Rio_de_Janeiro;133.98;0
2008-11-01;SC;135.96;0
2008-11-01;parana;148.54;0
2008-11-01;RS;133.64;0
2008-11-01;GO;152.68;0
2008-11-01;DF;152.68;0
2008-11-01;BA;140.8;0
2008-11-01;CE;144.05;0
2008-11-01;PE;BETS-package: Sorry. This series is not yet available. Series is empty in the BACEN databases;0
2008-11-01;sao_paulo;142.66;0
2008-11-01;minas_gerais;139.24;0
2008-11-01;espirito_santo;157.82;0
2008-11-01;Rio_de_Janeiro;135.16;0
2008-12-01;SC;137.63;0
2008-12-01;parana;148.47;0
2008-12-01;RS;132.95;0
2008-12-01;GO;154.01;0
2008-12-01;DF;154.01;0
2008-12-01;BA;139.27;0
2008-12-01;CE;143.79;0
2008-12-01;PE;BETS-package: Sorry. This series is not yet available. Series is empty in the BACEN databases;0
2008-12-01;sao_paulo;142.44;0
2008-12-01;minas_gerais;141.17;0
2008-12-01;espirito_santo;156.98;0
2008-12-01;Rio_de_Janeiro;134.75;0
2009-01-01;SC;138.56;0
2009-01-01;parana;150.02;0
2009-01-01;RS;134.06;0
2009-01-01;GO;152.81;0
2009-01-01;DF;152.81;0
2009-01-01;BA;139.08;0
2009-01-01;CE;143.97;0
2009-01-01;PE;BETS-package: Sorry. This series is not yet available. Series is empty in the BACEN databases;0
2009-01-01;sao_paulo;144.35;0
2009-01-01;minas_gerais;141.23;0
2009-01-01;espirito_santo;164;0
2009-01-01;Rio_de_Janeiro;134.51;0
2009-02-01;SC;137.76;0
2009-02-01;parana;148.84;0
2009-02-01;RS;135.19;0
2009-02-01;GO;155.59;0
2009-02-01;DF;155.59;0
2009-02-01;BA;138.34;0
2009-02-01;CE;145.22;0
2009-02-01;PE;BETS-package: Sorry. This series is not yet available. Series is empty in the BACEN databases;0
2009-02-01;sao_paulo;144.54;0
2009-02-01;minas_gerais;142.87;0
2009-02-01;espirito_santo;164.55;0
2009-02-01;Rio_de_Janeiro;135.41;0
2009-03-01;SC;137.66;0
2009-03-01;parana;148.56;0
2009-03-01;RS;137.81;0
2009-03-01;GO;156.89;0
2009-03-01;DF;156.89;0
2009-03-01;BA;139.84;0
2009-03-01;CE;146.7;0
2009-03-01;PE;BETS-package: Sorry. This series is not yet available. Series is empty in the BACEN databases;0
2009-03-01;sao_paulo;145.13;0
2009-03-01;minas_gerais;142.4;0
2009-03-01;espirito_santo;165.39;0
2009-03-01;Rio_de_Janeiro;134.11;0
2009-04-01;SC;135.6;0
2009-04-01;parana;150.51;0
2009-04-01;RS;136.44;0
2009-04-01;GO;154.71;0
2009-04-01;DF;154.71;0
2009-04-01;BA;139.9;0
2009-04-01;CE;146.98;0
2009-04-01;PE;BETS-package: Sorry. This series is not yet available. Series is empty in the BACEN databases;0
2009-04-01;sao_paulo;143.28;0
2009-04-01;minas_gerais;141.06;0
2009-04-01;espirito_santo;164.91;0
2009-04-01;Rio_de_Janeiro;135.69;0
2009-05-01;SC;134.91;0
2009-05-01;parana;151.49;0
2009-05-01;RS;136.42;0
2009-05-01;GO;156.69;0
2009-05-01;DF;156.69;0
2009-05-01;BA;140.38;0
2009-05-01;CE;152.75;0
2009-05-01;PE;BETS-package: Sorry. This series is not yet available. Series is empty in the BACEN databases;0
2009-05-01;sao_paulo;144.89;0
2009-05-01;minas_gerais;142.24;0
2009-05-01;espirito_santo;164.9;0
2009-05-01;Rio_de_Janeiro;134.61;0
2009-06-01;SC;135.2;0
2009-06-01;parana;152.41;0
2009-06-01;RS;136.15;0
2009-06-01;GO;158.97;0
2009-06-01;DF;158.97;0
2009-06-01;BA;142.04;0
2009-06-01;CE;151.16;0
2009-06-01;PE;BETS-package: Sorry. This series is not yet available. Series is empty in the BACEN databases;0
2009-06-01;sao_paulo;145.14;0
2009-06-01;minas_gerais;140.85;0
2009-06-01;espirito_santo;163.13;0
2009-06-01;Rio_de_Janeiro;134.27;0
2009-07-01;SC;135.61;0
2009-07-01;parana;153.51;0
2009-07-01;RS;136.74;0
2009-07-01;GO;157.6;0
2009-07-01;DF;157.6;0
2009-07-01;BA;141.52;0
2009-07-01;CE;151.18;0
2009-07-01;PE;BETS-package: Sorry. This series is not yet available. Series is empty in the BACEN databases;0
2009-07-01;sao_paulo;145.75;0
2009-07-01;minas_gerais;140.74;0
2009-07-01;espirito_santo;162.97;0
2009-07-01;Rio_de_Janeiro;134.37;0
2009-08-01;SC;136.12;0
2009-08-01;parana;153.72;0
2009-08-01;RS;136.33;0
2009-08-01;GO;156.26;0
2009-08-01;DF;156.26;0
2009-08-01;BA;141.18;0
2009-08-01;CE;151.14;0
2009-08-01;PE;BETS-package: Sorry. This series is not yet available. Series is empty in the BACEN databases;0
2009-08-01;sao_paulo;145.8;0
2009-08-01;minas_gerais;141.1;0
2009-08-01;espirito_santo;160.57;0
2009-08-01;Rio_de_Janeiro;134.73;0
2009-09-01;SC;136.84;0
2009-09-01;parana;155.19;0
2009-09-01;RS;136.59;0
2009-09-01;GO;158.68;0
2009-09-01;DF;158.68;0
2009-09-01;BA;140.51;0
2009-09-01;CE;150.53;0
2009-09-01;PE;BETS-package: Sorry. This series is not yet available. Series is empty in the BACEN databases;0
2009-09-01;sao_paulo;145.45;0
2009-09-01;minas_gerais;140.67;0
2009-09-01;espirito_santo;163.59;0
2009-09-01;Rio_de_Janeiro;135.43;0
2009-10-01;SC;136.54;0
2009-10-01;parana;154.85;0
2009-10-01;RS;137.19;0
2009-10-01;GO;154.85;0
2009-10-01;DF;154.85;0
2009-10-01;BA;141.03;0
2009-10-01;CE;146.7;0
2009-10-01;PE;BETS-package: Sorry. This series is not yet available. Series is empty in the BACEN databases;0
2009-10-01;sao_paulo;145.12;0
2009-10-01;minas_gerais;141.27;0
2009-10-01;espirito_santo;160.84;0
2009-10-01;Rio_de_Janeiro;135.47;0
2009-11-01;SC;137.41;0
2009-11-01;parana;157.88;0
2009-11-01;RS;137.42;0
2009-11-01;GO;160.58;0
2009-11-01;DF;160.58;0
2009-11-01;BA;139.97;0
2009-11-01;CE;147.64;0
2009-11-01;PE;BETS-package: Sorry. This series is not yet available. Series is empty in the BACEN databases;0
2009-11-01;sao_paulo;145.78;0
2009-11-01;minas_gerais;144.34;0
2009-11-01;espirito_santo;165.96;0
2009-11-01;Rio_de_Janeiro;136.15;0
2009-12-01;SC;140;0
2009-12-01;parana;161.5;0
2009-12-01;RS;140.77;0
2009-12-01;GO;161.9;0
2009-12-01;DF;161.9;0
2009-12-01;BA;139.23;0
2009-12-01;CE;147.66;0
2009-12-01;PE;BETS-package: Sorry. This series is not yet available. Series is empty in the BACEN databases;0
2009-12-01;sao_paulo;145.55;0
2009-12-01;minas_gerais;143.64;0
2009-12-01;espirito_santo;166.16;0
2009-12-01;Rio_de_Janeiro;135.38;0
2010-01-01;SC;133.86;0
2010-01-01;parana;153.43;0
2010-01-01;RS;134.27;0
2010-01-01;GO;158.04;0
2010-01-01;DF;158.04;0
2010-01-01;BA;140.41;0
2010-01-01;CE;147.04;0
2010-01-01;PE;BETS-package: Sorry. This series is not yet available. Series is empty in the BACEN databases;0
2010-01-01;sao_paulo;144.65;0
2010-01-01;minas_gerais;138.18;0
2010-01-01;espirito_santo;162.92;0
2010-01-01;Rio_de_Janeiro;134.17;0
2010-02-01;SC;136.74;0
2010-02-01;parana;151.41;0
2010-02-01;RS;129.71;0
2010-02-01;GO;159.61;0
2010-02-01;DF;159.61;0
2010-02-01;BA;141.83;0
2010-02-01;CE;148.13;0
2010-02-01;PE;BETS-package: Sorry. This series is not yet available. Series is empty in the BACEN databases;0
2010-02-01;sao_paulo;146.44;0
2010-02-01;minas_gerais;140.58;0
2010-02-01;espirito_santo;162.55;0
2010-02-01;Rio_de_Janeiro;136.92;0
2010-03-01;SC;135.57;0
2010-03-01;parana;147.27;0
2010-03-01;RS;124.56;0
2010-03-01;GO;160.34;0
2010-03-01;DF;160.34;0
2010-03-01;BA;140.29;0
2010-03-01;CE;147.95;0
2010-03-01;PE;BETS-package: Sorry. This series is not yet available. Series is empty in the BACEN databases;0
2010-03-01;sao_paulo;145.97;0
2010-03-01;minas_gerais;143.4;0
2010-03-01;espirito_santo;166;0
2010-03-01;Rio_de_Janeiro;136.75;0
2010-04-01;SC;135.45;0
2010-04-01;parana;153.4;0
2010-04-01;RS;127.33;0
2010-04-01;GO;162.87;0
2010-04-01;DF;162.87;0
2010-04-01;BA;141.21;0
2010-04-01;CE;147.56;0
2010-04-01;PE;BETS-package: Sorry. This series is not yet available. Series is empty in the BACEN databases;0
2010-04-01;sao_paulo;146.26;0
2010-04-01;minas_gerais;145.36;0
2010-04-01;espirito_santo;162.52;0
2010-04-01;Rio_de_Janeiro;137.21;0
2010-05-01;SC;138.9;0
2010-05-01;parana;156.65;0
2010-05-01;RS;138.18;0
2010-05-01;GO;168.59;0
2010-05-01;DF;168.59;0
2010-05-01;BA;142.55;0
2010-05-01;CE;147.36;0
2010-05-01;PE;BETS-package: Sorry. This series is not yet available. Series is empty in the BACEN databases;0
2010-05-01;sao_paulo;146.93;0
2010-05-01;minas_gerais;146.69;0
2010-05-01;espirito_santo;168.73;0
2010-05-01;Rio_de_Janeiro;137.61;0
2010-06-01;SC;139.36;0
2010-06-01;parana;158.98;0
2010-06-01;RS;139.02;0
2010-06-01;GO;166.93;0
2010-06-01;DF;166.93;0
2010-06-01;BA;143.96;0
2010-06-01;CE;148.72;0
2010-06-01;PE;BETS-package: Sorry. This series is not yet available. Series is empty in the BACEN databases;0
2010-06-01;sao_paulo;147.53;0
2010-06-01;minas_gerais;152.37;0
2010-06-01;espirito_santo;168.79;0
2010-06-01;Rio_de_Janeiro;137.83;0
2010-07-01;SC;140.43;0
2010-07-01;parana;158.91;0
2010-07-01;RS;138.91;0
2010-07-01;GO;167.91;0
2010-07-01;DF;167.91;0
2010-07-01;BA;141.97;0
2010-07-01;CE;148.57;0
2010-07-01;PE;BETS-package: Sorry. This series is not yet available. Series is empty in the BACEN databases;0
2010-07-01;sao_paulo;149.98;0
2010-07-01;minas_gerais;153.29;0
2010-07-01;espirito_santo;167.24;0
2010-07-01;Rio_de_Janeiro;138.16;0
2010-08-01;SC;140.58;0
2010-08-01;parana;160.12;0
2010-08-01;RS;142.14;0
2010-08-01;GO;169.18;0
2010-08-01;DF;169.18;0
2010-08-01;BA;143.11;0
2010-08-01;CE;148.66;0
2010-08-01;PE;BETS-package: Sorry. This series is not yet available. Series is empty in the BACEN databases;0
2010-08-01;sao_paulo;150.91;0
2010-08-01;minas_gerais;147.62;0
2010-08-01;espirito_santo;164.67;0
2010-08-01;Rio_de_Janeiro;138.42;0
2010-09-01;SC;139.72;0
2010-09-01;parana;157.96;0
2010-09-01;RS;139.92;0
2010-09-01;GO;164.14;0
2010-09-01;DF;164.14;0
2010-09-01;BA;144.33;0
2010-09-01;CE;149.58;0
2010-09-01;PE;BETS-package: Sorry. This series is not yet available. Series is empty in the BACEN databases;0
2010-09-01;sao_paulo;149.78;0
2010-09-01;minas_gerais;144.65;0
2010-09-01;espirito_santo;160.72;0
2010-09-01;Rio_de_Janeiro;136.71;0
2010-10-01;SC;140.44;0
2010-10-01;parana;159.35;0
2010-10-01;RS;140.51;0
2010-10-01;GO;168.15;0
2010-10-01;DF;168.15;0
2010-10-01;BA;145.66;0
2010-10-01;CE;151.69;0
2010-10-01;PE;BETS-package: Sorry. This series is not yet available. Series is empty in the BACEN databases;0
2010-10-01;sao_paulo;151.43;0
2010-10-01;minas_gerais;147.59;0
2010-10-01;espirito_santo;169.63;0
2010-10-01;Rio_de_Janeiro;137.99;0
2010-11-01;SC;139.99;0
2010-11-01;parana;158.63;0
2010-11-01;RS;140.24;0
2010-11-01;GO;166.74;0
2010-11-01;DF;166.74;0
2010-11-01;BA;145.78;0
2010-11-01;CE;154.73;0
2010-11-01;PE;BETS-package: Sorry. This series is not yet available. Series is empty in the BACEN databases;0
2010-11-01;sao_paulo;150.74;0
2010-11-01;minas_gerais;147.28;0
2010-11-01;espirito_santo;160.58;0
2010-11-01;Rio_de_Janeiro;138.06;0
2010-12-01;SC;139.12;0
2010-12-01;parana;158.89;0
2010-12-01;RS;140.84;0
2010-12-01;GO;164.9;0
2010-12-01;DF;164.9;0
2010-12-01;BA;147.83;0
2010-12-01;CE;152.31;0
2010-12-01;PE;BETS-package: Sorry. This series is not yet available. Series is empty in the BACEN databases;0
2010-12-01;sao_paulo;151.36;0
2010-12-01;minas_gerais;146.44;0
2010-12-01;espirito_santo;164.62;0
2010-12-01;Rio_de_Janeiro;139.41;0
2011-01-01;SC;140.32;0
2011-01-01;parana;160.25;0
2011-01-01;RS;141.17;0
2011-01-01;GO;173.17;0
2011-01-01;DF;173.17;0
2011-01-01;BA;147.43;0
2011-01-01;CE;154.37;0
2011-01-01;PE;BETS-package: Sorry. This series is not yet available. Series is empty in the BACEN databases;0
2011-01-01;sao_paulo;150.87;0
2011-01-01;minas_gerais;146.84;0
2011-01-01;espirito_santo;163.96;0
2011-01-01;Rio_de_Janeiro;139.52;0
2011-02-01;SC;140.5;0
2011-02-01;parana;163.44;0
2011-02-01;RS;142.75;0
2011-02-01;GO;169.39;0
2011-02-01;DF;169.39;0
2011-02-01;BA;148.29;0
2011-02-01;CE;154.22;0
2011-02-01;PE;BETS-package: Sorry. This series is not yet available. Series is empty in the BACEN databases;0
2011-02-01;sao_paulo;149.87;0
2011-02-01;minas_gerais;146.26;0
2011-02-01;espirito_santo;167.44;0
2011-02-01;Rio_de_Janeiro;136.98;0
2011-03-01;SC;138.94;0
2011-03-01;parana;164.11;0
2011-03-01;RS;139.71;0
2011-03-01;GO;171.44;0
2011-03-01;DF;171.44;0
2011-03-01;BA;146.03;0
2011-03-01;CE;154.31;0
2011-03-01;PE;BETS-package: Sorry. This series is not yet available. Series is empty in the BACEN databases;0
2011-03-01;sao_paulo;151.21;0
2011-03-01;minas_gerais;146.77;0
2011-03-01;espirito_santo;162.08;0
2011-03-01;Rio_de_Janeiro;138.81;0
2011-04-01;SC;142.39;0
2011-04-01;parana;164.38;0
2011-04-01;RS;143.58;0
2011-04-01;GO;171.51;0
2011-04-01;DF;171.51;0
2011-04-01;BA;143.66;0
2011-04-01;CE;154.8;0
2011-04-01;PE;BETS-package: Sorry. This series is not yet available. Series is empty in the BACEN databases;0
2011-04-01;sao_paulo;152.57;0
2011-04-01;minas_gerais;148.59;0
2011-04-01;espirito_santo;164.21;0
2011-04-01;Rio_de_Janeiro;138.79;0
2011-05-01;SC;142.67;0
2011-05-01;parana;164.31;0
2011-05-01;RS;146.25;0
2011-05-01;GO;171.18;0
2011-05-01;DF;171.18;0
2011-05-01;BA;146.78;0
2011-05-01;CE;156.18;0
2011-05-01;PE;BETS-package: Sorry. This series is not yet available. Series is empty in the BACEN databases;0
2011-05-01;sao_paulo;153.73;0
2011-05-01;minas_gerais;149.49;0
2011-05-01;espirito_santo;162.45;0
2011-05-01;Rio_de_Janeiro;138.94;0
2011-06-01;SC;143.34;0
2011-06-01;parana;162.05;0
2011-06-01;RS;145.7;0
2011-06-01;GO;170.65;0
2011-06-01;DF;170.65;0
2011-06-01;BA;145.78;0
2011-06-01;CE;154.34;0
2011-06-01;PE;BETS-package: Sorry. This series is not yet available. Series is empty in the BACEN databases;0
2011-06-01;sao_paulo;153.59;0
2011-06-01;minas_gerais;152.68;0
2011-06-01;espirito_santo;162.37;0
2011-06-01;Rio_de_Janeiro;139.2;0
2011-07-01;SC;144.51;0
2011-07-01;parana;164.35;0
2011-07-01;RS;147.79;0
2011-07-01;GO;175.32;0
2011-07-01;DF;175.32;0
2011-07-01;BA;146.74;0
2011-07-01;CE;154.95;0
2011-07-01;PE;BETS-package: Sorry. This series is not yet available. Series is empty in the BACEN databases;0
2011-07-01;sao_paulo;153.85;0
2011-07-01;minas_gerais;152.06;0
2011-07-01;espirito_santo;162.14;0
2011-07-01;Rio_de_Janeiro;139.5;0
2011-08-01;SC;144.41;0
2011-08-01;parana;166.61;0
2011-08-01;RS;148.3;0
2011-08-01;GO;174.45;0
2011-08-01;DF;174.45;0
2011-08-01;BA;146.87;0
2011-08-01;CE;154.29;0
2011-08-01;PE;BETS-package: Sorry. This series is not yet available. Series is empty in the BACEN databases;0
2011-08-01;sao_paulo;154.58;0
2011-08-01;minas_gerais;149.58;0
2011-08-01;espirito_santo;162.65;0
2011-08-01;Rio_de_Janeiro;139.85;0
2011-09-01;SC;143.99;0
2011-09-01;parana;166.01;0
2011-09-01;RS;148.41;0
2011-09-01;GO;173.82;0
2011-09-01;DF;173.82;0
2011-09-01;BA;148.18;0
2011-09-01;CE;156.3;0
2011-09-01;PE;BETS-package: Sorry. This series is not yet available. Series is empty in the BACEN databases;0
2011-09-01;sao_paulo;155.4;0
2011-09-01;minas_gerais;149.18;0
2011-09-01;espirito_santo;162.47;0
2011-09-01;Rio_de_Janeiro;141.17;0
2011-10-01;SC;145.08;0
2011-10-01;parana;165.93;0
2011-10-01;RS;149.33;0
2011-10-01;GO;174.11;0
2011-10-01;DF;174.11;0
2011-10-01;BA;146.49;0
2011-10-01;CE;158.23;0
2011-10-01;PE;BETS-package: Sorry. This series is not yet available. Series is empty in the BACEN databases;0
2011-10-01;sao_paulo;153.67;0
2011-10-01;minas_gerais;149.81;0
2011-10-01;espirito_santo;165.31;0
2011-10-01;Rio_de_Janeiro;141.29;0
2011-11-01;SC;145.06;0
2011-11-01;parana;166.66;0
2011-11-01;RS;149.29;0
2011-11-01;GO;175.7;0
2011-11-01;DF;175.7;0
2011-11-01;BA;148.05;0
2011-11-01;CE;160.15;0
2011-11-01;PE;BETS-package: Sorry. This series is not yet available. Series is empty in the BACEN databases;0
2011-11-01;sao_paulo;155.18;0
2011-11-01;minas_gerais;150.33;0
2011-11-01;espirito_santo;167.95;0
2011-11-01;Rio_de_Janeiro;141.02;0
2011-12-01;SC;144.95;0
2011-12-01;parana;164.97;0
2011-12-01;RS;145.7;0
2011-12-01;GO;178.2;0
2011-12-01;DF;178.2;0
2011-12-01;BA;148.24;0
2011-12-01;CE;158.63;0
2011-12-01;PE;BETS-package: Sorry. This series is not yet available. Series is empty in the BACEN databases;0
2011-12-01;sao_paulo;153.51;0
2011-12-01;minas_gerais;147.42;0
2011-12-01;espirito_santo;164;0
2011-12-01;Rio_de_Janeiro;140.41;0
2012-01-01;SC;145.15;0
2012-01-01;parana;166.68;0
2012-01-01;RS;146.26;0
2012-01-01;GO;175.47;0
2012-01-01;DF;175.47;0
2012-01-01;BA;149.08;0
2012-01-01;CE;158.81;0
2012-01-01;PE;BETS-package: Sorry. This series is not yet available. Series is empty in the BACEN databases;0
2012-01-01;sao_paulo;153.86;0
2012-01-01;minas_gerais;151.64;0
2012-01-01;espirito_santo;166.62;0
2012-01-01;Rio_de_Janeiro;140.94;0
2012-02-01;SC;146.8;0
2012-02-01;parana;166.93;0
2012-02-01;RS;147.01;0
2012-02-01;GO;174.31;0
2012-02-01;DF;174.31;0
2012-02-01;BA;149.12;0
2012-02-01;CE;158.82;0
2012-02-01;PE;BETS-package: Sorry. This series is not yet available. Series is empty in the BACEN databases;0
2012-02-01;sao_paulo;153.08;0
2012-02-01;minas_gerais;151.3;0
2012-02-01;espirito_santo;162.74;0
2012-02-01;Rio_de_Janeiro;141.72;0
2012-03-01;SC;146.19;0
2012-03-01;parana;163.99;0
2012-03-01;RS;146.83;0
2012-03-01;GO;174.38;0
2012-03-01;DF;174.38;0
2012-03-01;BA;148.67;0
2012-03-01;CE;159.45;0
2012-03-01;PE;BETS-package: Sorry. This series is not yet available. Series is empty in the BACEN databases;0
2012-03-01;sao_paulo;152.79;0
2012-03-01;minas_gerais;150.17;0
2012-03-01;espirito_santo;164.98;0
2012-03-01;Rio_de_Janeiro;141.7;0
2012-04-01;SC;145.08;0
2012-04-01;parana;163.06;0
2012-04-01;RS;145.09;0
2012-04-01;GO;177.55;0
2012-04-01;DF;177.55;0
2012-04-01;BA;149.33;0
2012-04-01;CE;159.68;0
2012-04-01;PE;BETS-package: Sorry. This series is not yet available. Series is empty in the BACEN databases;0
2012-04-01;sao_paulo;152.68;0
2012-04-01;minas_gerais;148.76;0
2012-04-01;espirito_santo;167.13;0
2012-04-01;Rio_de_Janeiro;141.5;0
2012-05-01;SC;145.08;0
2012-05-01;parana;163.12;0
2012-05-01;RS;145.19;0
2012-05-01;GO;178.14;0
2012-05-01;DF;178.14;0
2012-05-01;BA;149.11;0
2012-05-01;CE;159.95;0
2012-05-01;PE;BETS-package: Sorry. This series is not yet available. Series is empty in the BACEN databases;0
2012-05-01;sao_paulo;152.08;0
2012-05-01;minas_gerais;147.11;0
2012-05-01;espirito_santo;165.09;0
2012-05-01;Rio_de_Janeiro;140.72;0
2012-06-01;SC;140.48;0
2012-06-01;parana;157.72;0
2012-06-01;RS;140.67;0
2012-06-01;GO;176.77;0
2012-06-01;DF;176.77;0
2012-06-01;BA;148.95;0
2012-06-01;CE;156.28;0
2012-06-01;PE;BETS-package: Sorry. This series is not yet available. Series is empty in the BACEN databases;0
2012-06-01;sao_paulo;151.09;0
2012-06-01;minas_gerais;144.38;0
2012-06-01;espirito_santo;167.53;0
2012-06-01;Rio_de_Janeiro;141.76;0
2012-07-01;SC;142.69;0
2012-07-01;parana;158.39;0
2012-07-01;RS;141.7;0
2012-07-01;GO;179.59;0
2012-07-01;DF;179.59;0
2012-07-01;BA;151.87;0
2012-07-01;CE;160.27;0
2012-07-01;PE;BETS-package: Sorry. This series is not yet available. Series is empty in the BACEN databases;0
2012-07-01;sao_paulo;149.87;0
2012-07-01;minas_gerais;142.76;0
2012-07-01;espirito_santo;170.55;0
2012-07-01;Rio_de_Janeiro;141.84;0
2012-08-01;SC;142.68;0
2012-08-01;parana;163.07;0
2012-08-01;RS;144.45;0
2012-08-01;GO;178.9;0
2012-08-01;DF;178.9;0
2012-08-01;BA;149.96;0
2012-08-01;CE;161.97;0
2012-08-01;PE;BETS-package: Sorry. This series is not yet available. Series is empty in the BACEN databases;0
2012-08-01;sao_paulo;150.54;0
2012-08-01;minas_gerais;148.03;0
2012-08-01;espirito_santo;173.4;0
2012-08-01;Rio_de_Janeiro;141.48;0
2012-09-01;SC;144.58;0
2012-09-01;parana;164.69;0
2012-09-01;RS;146.14;0
2012-09-01;GO;178.41;0
2012-09-01;DF;178.41;0
2012-09-01;BA;148.94;0
2012-09-01;CE;162.63;0
2012-09-01;PE;BETS-package: Sorry. This series is not yet available. Series is empty in the BACEN databases;0
2012-09-01;sao_paulo;149.54;0
2012-09-01;minas_gerais;149.19;0
2012-09-01;espirito_santo;173.13;0
2012-09-01;Rio_de_Janeiro;140.76;0
2012-10-01;SC;143.75;0
2012-10-01;parana;163.87;0
2012-10-01;RS;145.31;0
2012-10-01;GO;179.99;0
2012-10-01;DF;179.99;0
2012-10-01;BA;148.99;0
2012-10-01;CE;160.03;0
2012-10-01;PE;BETS-package: Sorry. This series is not yet available. Series is empty in the BACEN databases;0
2012-10-01;sao_paulo;150.38;0
2012-10-01;minas_gerais;149.37;0
2012-10-01;espirito_santo;173.25;0
2012-10-01;Rio_de_Janeiro;140.8;0
2012-11-01;SC;143.89;0
2012-11-01;parana;164.65;0
2012-11-01;RS;145.4;0
2012-11-01;GO;178.01;0
2012-11-01;DF;178.01;0
2012-11-01;BA;148.85;0
2012-11-01;CE;160.93;0
2012-11-01;PE;BETS-package: Sorry. This series is not yet available. Series is empty in the BACEN databases;0
2012-11-01;sao_paulo;149.92;0
2012-11-01;minas_gerais;148.48;0
2012-11-01;espirito_santo;176.17;0
2012-11-01;Rio_de_Janeiro;140.98;0
2012-12-01;SC;144.39;0
2012-12-01;parana;166.1;0
2012-12-01;RS;145.14;0
2012-12-01;GO;175.07;0
2012-12-01;DF;175.07;0
2012-12-01;BA;148.5;0
2012-12-01;CE;160.66;0
2012-12-01;PE;BETS-package: Sorry. This series is not yet available. Series is empty in the BACEN databases;0
2012-12-01;sao_paulo;150.65;0
2012-12-01;minas_gerais;147.39;0
2012-12-01;espirito_santo;173.61;0
2012-12-01;Rio_de_Janeiro;140.99;0
2013-01-01;SC;143.15;0
2013-01-01;parana;165.63;0
2013-01-01;RS;144.9;0
2013-01-01;GO;181.91;0
2013-01-01;DF;181.91;0
2013-01-01;BA;146.36;0
2013-01-01;CE;159.27;0
2013-01-01;PE;BETS-package: Sorry. This series is not yet available. Series is empty in the BACEN databases;0
2013-01-01;sao_paulo;151.19;0
2013-01-01;minas_gerais;148.53;0
2013-01-01;espirito_santo;169.88;0
2013-01-01;Rio_de_Janeiro;143.67;0
2013-02-01;SC;141.14;0
2013-02-01;parana;164.97;0
2013-02-01;RS;145.19;0
2013-02-01;GO;176.75;0
2013-02-01;DF;176.75;0
2013-02-01;BA;146.02;0
2013-02-01;CE;158;0
2013-02-01;PE;BETS-package: Sorry. This series is not yet available. Series is empty in the BACEN databases;0
2013-02-01;sao_paulo;149.45;0
2013-02-01;minas_gerais;147.26;0
2013-02-01;espirito_santo;169.22;0
2013-02-01;Rio_de_Janeiro;140.3;0
2013-03-01;SC;141.3;0
2013-03-01;parana;166.08;0
2013-03-01;RS;146.78;0
2013-03-01;GO;176.62;0
2013-03-01;DF;176.62;0
2013-03-01;BA;147.45;0
2013-03-01;CE;156.84;0
2013-03-01;PE;BETS-package: Sorry. This series is not yet available. Series is empty in the BACEN databases;0
2013-03-01;sao_paulo;148.63;0
2013-03-01;minas_gerais;145.71;0
2013-03-01;espirito_santo;166.94;0
2013-03-01;Rio_de_Janeiro;141.27;0
2013-04-01;SC;141.18;0
2013-04-01;parana;164.77;0
2013-04-01;RS;145.64;0
2013-04-01;GO;176.64;0
2013-04-01;DF;176.64;0
2013-04-01;BA;148.54;0
2013-04-01;CE;156.49;0
2013-04-01;PE;BETS-package: Sorry. This series is not yet available. Series is empty in the BACEN databases;0
2013-04-01;sao_paulo;147.49;0
2013-04-01;minas_gerais;144.44;0
2013-04-01;espirito_santo;164.4;0
2013-04-01;Rio_de_Janeiro;140.91;0
2013-05-01;SC;140.19;0
2013-05-01;parana;161.35;0
2013-05-01;RS;142.24;0
2013-05-01;GO;176.95;0
2013-05-01;DF;176.95;0
2013-05-01;BA;146.48;0
2013-05-01;CE;155.06;0
2013-05-01;PE;BETS-package: Sorry. This series is not yet available. Series is empty in the BACEN databases;0
2013-05-01;sao_paulo;145.88;0
2013-05-01;minas_gerais;144.24;0
2013-05-01;espirito_santo;157.46;0
2013-05-01;Rio_de_Janeiro;140.12;0
2013-06-01;SC;139.88;0
2013-06-01;parana;162.08;0
2013-06-01;RS;138.8;0
2013-06-01;GO;176.98;0
2013-06-01;DF;176.98;0
2013-06-01;BA;147.02;0
2013-06-01;CE;154.1;0
2013-06-01;PE;BETS-package: Sorry. This series is not yet available. Series is empty in the BACEN databases;0
2013-06-01;sao_paulo;146.38;0
2013-06-01;minas_gerais;142.57;0
2013-06-01;espirito_santo;163.11;0
2013-06-01;Rio_de_Janeiro;139.02;0
2013-07-01;SC;136.23;0
2013-07-01;parana;155.11;0
2013-07-01;RS;139.99;0
2013-07-01;GO;173.31;0
2013-07-01;DF;173.31;0
2013-07-01;BA;148.87;0
2013-07-01;CE;153.72;0
2013-07-01;PE;BETS-package: Sorry. This series is not yet available. Series is empty in the BACEN databases;0
2013-07-01;sao_paulo;143.04;0
2013-07-01;minas_gerais;142.04;0
2013-07-01;espirito_santo;160.37;0
2013-07-01;Rio_de_Janeiro;138.58;0
2013-08-01;SC;138.35;0
2013-08-01;parana;158.43;0
2013-08-01;RS;139.48;0
2013-08-01;GO;173.61;0
2013-08-01;DF;173.61;0
2013-08-01;BA;145.89;0
2013-08-01;CE;153.32;0
2013-08-01;PE;BETS-package: Sorry. This series is not yet available. Series is empty in the BACEN databases;0
2013-08-01;sao_paulo;144.22;0
2013-08-01;minas_gerais;144.35;0
2013-08-01;espirito_santo;162.96;0
2013-08-01;Rio_de_Janeiro;139.73;0
2013-09-01;SC;136.3;0
2013-09-01;parana;159.44;0
2013-09-01;RS;137.97;0
2013-09-01;GO;175.3;0
2013-09-01;DF;175.3;0
2013-09-01;BA;143.28;0
2013-09-01;CE;152.7;0
2013-09-01;PE;BETS-package: Sorry. This series is not yet available. Series is empty in the BACEN databases;0
2013-09-01;sao_paulo;143.01;0
2013-09-01;minas_gerais;143.06;0
2013-09-01;espirito_santo;158.93;0
2013-09-01;Rio_de_Janeiro;137.36;0
2013-10-01;SC;135.77;0
2013-10-01;parana;158.41;0
2013-10-01;RS;137.44;0
2013-10-01;GO;175.84;0
2013-10-01;DF;175.84;0
2013-10-01;BA;144.09;0
2013-10-01;CE;152.78;0
2013-10-01;PE;BETS-package: Sorry. This series is not yet available. Series is empty in the BACEN databases;0
2013-10-01;sao_paulo;143.91;0
2013-10-01;minas_gerais;143.61;0
2013-10-01;espirito_santo;157.02;0
2013-10-01;Rio_de_Janeiro;137.76;0
2013-11-01;SC;135.43;0
2013-11-01;parana;156.44;0
2013-11-01;RS;136.42;0
2013-11-01;GO;175.79;0
2013-11-01;DF;175.79;0
2013-11-01;BA;140.9;0
2013-11-01;CE;152.02;0
2013-11-01;PE;BETS-package: Sorry. This series is not yet available. Series is empty in the BACEN databases;0
2013-11-01;sao_paulo;142.01;0
2013-11-01;minas_gerais;141.95;0
2013-11-01;espirito_santo;146.62;0
2013-11-01;Rio_de_Janeiro;136.8;0
2013-12-01;SC;134.33;0
2013-12-01;parana;156.25;0
2013-12-01;RS;137.16;0
2013-12-01;GO;175.37;0
2013-12-01;DF;175.37;0
2013-12-01;BA;142.61;0
2013-12-01;CE;150.95;0
2013-12-01;PE;BETS-package: Sorry. This series is not yet available. Series is empty in the BACEN databases;0
2013-12-01;sao_paulo;143.63;0
2013-12-01;minas_gerais;141.48;0
2013-12-01;espirito_santo;146.82;0
2013-12-01;Rio_de_Janeiro;137.2;0
2014-01-01;SC;134.43;0
2014-01-01;parana;156.73;0
2014-01-01;RS;137.97;0
2014-01-01;GO;169.88;0
2014-01-01;DF;169.88;0
2014-01-01;BA;142.52;0
2014-01-01;CE;151.48;0
2014-01-01;PE;BETS-package: Sorry. This series is not yet available. Series is empty in the BACEN databases;0
2014-01-01;sao_paulo;143.62;0
2014-01-01;minas_gerais;139.6;0
2014-01-01;espirito_santo;148.29;0
2014-01-01;Rio_de_Janeiro;136.35;0
2014-02-01;SC;134.17;0
2014-02-01;parana;155.15;0
2014-02-01;RS;137.03;0
2014-02-01;GO;172.8;0
2014-02-01;DF;172.8;0
2014-02-01;BA;139.92;0
2014-02-01;CE;151.11;0
2014-02-01;PE;BETS-package: Sorry. This series is not yet available. Series is empty in the BACEN databases;0
2014-02-01;sao_paulo;142.42;0
2014-02-01;minas_gerais;137.61;0
2014-02-01;espirito_santo;151.58;0
2014-02-01;Rio_de_Janeiro;135.34;0
2014-03-01;SC;134.33;0
2014-03-01;parana;154.86;0
2014-03-01;RS;135.47;0
2014-03-01;GO;170.98;0
2014-03-01;DF;170.98;0
2014-03-01;BA;139.04;0
2014-03-01;CE;151.48;0
2014-03-01;PE;BETS-package: Sorry. This series is not yet available. Series is empty in the BACEN databases;0
2014-03-01;sao_paulo;141.81;0
2014-03-01;minas_gerais;140.65;0
2014-03-01;espirito_santo;148.99;0
2014-03-01;Rio_de_Janeiro;134.91;0
2014-04-01;SC;135.08;0
2014-04-01;parana;158.18;0
2014-04-01;RS;136.04;0
2014-04-01;GO;171.3;0
2014-04-01;DF;171.3;0
2014-04-01;BA;135.49;0
2014-04-01;CE;150.33;0
2014-04-01;PE;BETS-package: Sorry. This series is not yet available. Series is empty in the BACEN databases;0
2014-04-01;sao_paulo;143.04;0
2014-04-01;minas_gerais;140.31;0
2014-04-01;espirito_santo;147.35;0
2014-04-01;Rio_de_Janeiro;134.64;0
2014-05-01;SC;135.11;0
2014-05-01;parana;156.17;0
2014-05-01;RS;138.28;0
2014-05-01;GO;172.1;0
2014-05-01;DF;172.1;0
2014-05-01;BA;136.63;0
2014-05-01;CE;148.44;0
2014-05-01;PE;BETS-package: Sorry. This series is not yet available. Series is empty in the BACEN databases;0
2014-05-01;sao_paulo;139.84;0
2014-05-01;minas_gerais;140.56;0
2014-05-01;espirito_santo;145.07;0
2014-05-01;Rio_de_Janeiro;134.96;0
2014-06-01;SC;135.83;0
2014-06-01;parana;156.12;0
2014-06-01;RS;137.05;0
2014-06-01;GO;175.13;0
2014-06-01;DF;175.13;0
2014-06-01;BA;137.11;0
2014-06-01;CE;148.16;0
2014-06-01;PE;BETS-package: Sorry. This series is not yet available. Series is empty in the BACEN databases;0
2014-06-01;sao_paulo;139.18;0
2014-06-01;minas_gerais;141.43;0
2014-06-01;espirito_santo;144.46;0
2014-06-01;Rio_de_Janeiro;135.12;0
2014-07-01;SC;134.79;0
2014-07-01;parana;155.78;0
2014-07-01;RS;136.37;0
2014-07-01;GO;169.57;0
2014-07-01;DF;169.57;0
2014-07-01;BA;133.49;0
2014-07-01;CE;146.95;0
2014-07-01;PE;BETS-package: Sorry. This series is not yet available. Series is empty in the BACEN databases;0
2014-07-01;sao_paulo;139.36;0
2014-07-01;minas_gerais;141.64;0
2014-07-01;espirito_santo;147.16;0
2014-07-01;Rio_de_Janeiro;135.2;0
2014-08-01;SC;135.38;0
2014-08-01;parana;153.65;0
2014-08-01;RS;137.23;0
2014-08-01;GO;172.42;0
2014-08-01;DF;172.42;0
2014-08-01;BA;135.63;0
2014-08-01;CE;145.72;0
2014-08-01;PE;BETS-package: Sorry. This series is not yet available. Series is empty in the BACEN databases;0
2014-08-01;sao_paulo;137.95;0
2014-08-01;minas_gerais;140.06;0
2014-08-01;espirito_santo;144.48;0
2014-08-01;Rio_de_Janeiro;134.3;0
2014-09-01;SC;135.73;0
2014-09-01;parana;154.53;0
2014-09-01;RS;136.53;0
2014-09-01;GO;173.36;0
2014-09-01;DF;173.36;0
2014-09-01;BA;136.48;0
2014-09-01;CE;146.16;0
2014-09-01;PE;BETS-package: Sorry. This series is not yet available. Series is empty in the BACEN databases;0
2014-09-01;sao_paulo;138.85;0
2014-09-01;minas_gerais;140.39;0
2014-09-01;espirito_santo;145.28;0
2014-09-01;Rio_de_Janeiro;132.97;0
2014-10-01;SC;133.62;0
2014-10-01;parana;156.7;0
2014-10-01;RS;136.65;0
2014-10-01;GO;170.08;0
2014-10-01;DF;170.08;0
2014-10-01;BA;137.55;0
2014-10-01;CE;146.52;0
2014-10-01;PE;BETS-package: Sorry. This series is not yet available. Series is empty in the BACEN databases;0
2014-10-01;sao_paulo;138.23;0
2014-10-01;minas_gerais;137.9;0
2014-10-01;espirito_santo;147.5;0
2014-10-01;Rio_de_Janeiro;132.32;0
2014-11-01;SC;134;0
2014-11-01;parana;157.39;0
2014-11-01;RS;136.44;0
2014-11-01;GO;169.64;0
2014-11-01;DF;169.64;0
2014-11-01;BA;135.6;0
2014-11-01;CE;146.66;0
2014-11-01;PE;BETS-package: Sorry. This series is not yet available. Series is empty in the BACEN databases;0
2014-11-01;sao_paulo;138.54;0
2014-11-01;minas_gerais;138.37;0
2014-11-01;espirito_santo;144.81;0
2014-11-01;Rio_de_Janeiro;131.98;0
2014-12-01;SC;133.53;0
2014-12-01;parana;153.93;0
2014-12-01;RS;134.23;0
2014-12-01;GO;171.33;0
2014-12-01;DF;171.33;0
2014-12-01;BA;135.02;0
2014-12-01;CE;145.19;0
2014-12-01;PE;BETS-package: Sorry. This series is not yet available. Series is empty in the BACEN databases;0
2014-12-01;sao_paulo;136.53;0
2014-12-01;minas_gerais;138.52;0
2014-12-01;espirito_santo;146.61;0
2014-12-01;Rio_de_Janeiro;129.77;0
2015-01-01;SC;137.35;0
2015-01-01;parana;157.91;0
2015-01-01;RS;138.59;0
2015-01-01;GO;166.5;0
2015-01-01;DF;166.5;0
2015-01-01;BA;133.46;0
2015-01-01;CE;147.39;0
2015-01-01;PE;BETS-package: Sorry. This series is not yet available. Series is empty in the BACEN databases;0
2015-01-01;sao_paulo;138.59;0
2015-01-01;minas_gerais;138.4;0
2015-01-01;espirito_santo;149.43;0
2015-01-01;Rio_de_Janeiro;130.46;0
2015-02-01;SC;141.15;0
2015-02-01;parana;162.42;0
2015-02-01;RS;144.46;0
2015-02-01;GO;175.69;0
2015-02-01;DF;175.69;0
2015-02-01;BA;135.9;0
2015-02-01;CE;148.13;0
2015-02-01;PE;BETS-package: Sorry. This series is not yet available. Series is empty in the BACEN databases;0
2015-02-01;sao_paulo;139.3;0
2015-02-01;minas_gerais;141.34;0
2015-02-01;espirito_santo;146.09;0
2015-02-01;Rio_de_Janeiro;131.91;0
2015-03-01;SC;139.52;0
2015-03-01;parana;162.64;0
2015-03-01;RS;144.49;0
2015-03-01;GO;176.21;0
2015-03-01;DF;176.21;0
2015-03-01;BA;137.26;0
2015-03-01;CE;147.91;0
2015-03-01;PE;BETS-package: Sorry. This series is not yet available. Series is empty in the BACEN databases;0
2015-03-01;sao_paulo;139.76;0
2015-03-01;minas_gerais;141.02;0
2015-03-01;espirito_santo;147.24;0
2015-03-01;Rio_de_Janeiro;130.92;0
2015-04-01;SC;141.57;0
2015-04-01;parana;159.17;0
2015-04-01;RS;142.75;0
2015-04-01;GO;175.78;0
2015-04-01;DF;175.78;0
2015-04-01;BA;139.07;0
2015-04-01;CE;148.85;0
2015-04-01;PE;BETS-package: Sorry. This series is not yet available. Series is empty in the BACEN databases;0
2015-04-01;sao_paulo;140.96;0
2015-04-01;minas_gerais;140.93;0
2015-04-01;espirito_santo;148.68;0
2015-04-01;Rio_de_Janeiro;131.89;0
2015-05-01;SC;138.97;0
2015-05-01;parana;158.15;0
2015-05-01;RS;140.47;0
2015-05-01;GO;175.07;0
2015-05-01;DF;175.07;0
2015-05-01;BA;137.42;0
2015-05-01;CE;152.83;0
2015-05-01;PE;BETS-package: Sorry. This series is not yet available. Series is empty in the BACEN databases;0
2015-05-01;sao_paulo;141.34;0
2015-05-01;minas_gerais;140.19;0
2015-05-01;espirito_santo;152.71;0
2015-05-01;Rio_de_Janeiro;130.51;0
2015-06-01;SC;138.71;0
2015-06-01;parana;158.58;0
2015-06-01;RS;138.71;0
2015-06-01;GO;175.36;0
2015-06-01;DF;175.36;0
2015-06-01;BA;135.36;0
2015-06-01;CE;151.16;0
2015-06-01;PE;BETS-package: Sorry. This series is not yet available. Series is empty in the BACEN databases;0
2015-06-01;sao_paulo;143.77;0
2015-06-01;minas_gerais;140.3;0
2015-06-01;espirito_santo;152.55;0
2015-06-01;Rio_de_Janeiro;130.14;0
2015-07-01;SC;139.63;0
2015-07-01;parana;160.2;0
2015-07-01;RS;138.54;0
2015-07-01;GO;181.43;0
2015-07-01;DF;181.43;0
2015-07-01;BA;134.97;0
2015-07-01;CE;151.77;0
2015-07-01;PE;BETS-package: Sorry. This series is not yet available. Series is empty in the BACEN databases;0
2015-07-01;sao_paulo;143.94;0
2015-07-01;minas_gerais;139.9;0
2015-07-01;espirito_santo;149.99;0
2015-07-01;Rio_de_Janeiro;128.4;0
2015-08-01;SC;138.98;0
2015-08-01;parana;160.21;0
2015-08-01;RS;136.62;0
2015-08-01;GO;174.34;0
2015-08-01;DF;174.34;0
2015-08-01;BA;137.52;0
2015-08-01;CE;149.93;0
2015-08-01;PE;BETS-package: Sorry. This series is not yet available. Series is empty in the BACEN databases;0
2015-08-01;sao_paulo;143.26;0
2015-08-01;minas_gerais;139.36;0
2015-08-01;espirito_santo;148.45;0
2015-08-01;Rio_de_Janeiro;129.42;0
2015-09-01;SC;139.48;0
2015-09-01;parana;159.66;0
2015-09-01;RS;136.66;0
2015-09-01;GO;173.3;0
2015-09-01;DF;173.3;0
2015-09-01;BA;138.18;0
2015-09-01;CE;149.21;0
2015-09-01;PE;BETS-package: Sorry. This series is not yet available. Series is empty in the BACEN databases;0
2015-09-01;sao_paulo;144.65;0
2015-09-01;minas_gerais;138.41;0
2015-09-01;espirito_santo;142.7;0
2015-09-01;Rio_de_Janeiro;131.19;0
2015-10-01;SC;138.71;0
2015-10-01;parana;159.31;0
2015-10-01;RS;136.04;0
2015-10-01;GO;172.53;0
2015-10-01;DF;172.53;0
2015-10-01;BA;136.38;0
2015-10-01;CE;149.1;0
2015-10-01;PE;BETS-package: Sorry. This series is not yet available. Series is empty in the BACEN databases;0
2015-10-01;sao_paulo;143.6;0
2015-10-01;minas_gerais;139.11;0
2015-10-01;espirito_santo;146.35;0
2015-10-01;Rio_de_Janeiro;131.3;0
2015-11-01;SC;140.81;0
2015-11-01;parana;160.55;0
2015-11-01;RS;136.82;0
2015-11-01;GO;174.01;0
2015-11-01;DF;174.01;0
2015-11-01;BA;137.34;0
2015-11-01;CE;149.42;0
2015-11-01;PE;BETS-package: Sorry. This series is not yet available. Series is empty in the BACEN databases;0
2015-11-01;sao_paulo;143.87;0
2015-11-01;minas_gerais;140.1;0
2015-11-01;espirito_santo;148.19;0
2015-11-01;Rio_de_Janeiro;131.21;0
2015-12-01;SC;143.24;0
2015-12-01;parana;162.46;0
2015-12-01;RS;141;0
2015-12-01;GO;171.6;0
2015-12-01;DF;171.6;0
2015-12-01;BA;137.84;0
2015-12-01;CE;151.17;0
2015-12-01;PE;BETS-package: Sorry. This series is not yet available. Series is empty in the BACEN databases;0
2015-12-01;sao_paulo;143.92;0
2015-12-01;minas_gerais;141.08;0
2015-12-01;espirito_santo;148.89;0
2015-12-01;Rio_de_Janeiro;130.49;0
2016-01-01;SC;142.34;0
2016-01-01;parana;159.19;0
2016-01-01;RS;139.47;0
2016-01-01;GO;173.6;0
2016-01-01;DF;173.6;0
2016-01-01;BA;138.67;0
2016-01-01;CE;150.88;0
2016-01-01;PE;BETS-package: Sorry. This series is not yet available. Series is empty in the BACEN databases;0
2016-01-01;sao_paulo;143.64;0
2016-01-01;minas_gerais;140.61;0
2016-01-01;espirito_santo;147.81;0
2016-01-01;Rio_de_Janeiro;129.95;0
2016-02-01;SC;143.73;0
2016-02-01;parana;160.03;0
2016-02-01;RS;140.16;0
2016-02-01;GO;174.24;0
2016-02-01;DF;174.24;0
2016-02-01;BA;138.88;0
2016-02-01;CE;149.73;0
2016-02-01;PE;BETS-package: Sorry. This series is not yet available. Series is empty in the BACEN databases;0
2016-02-01;sao_paulo;142.61;0
2016-02-01;minas_gerais;139.98;0
2016-02-01;espirito_santo;150.73;0
2016-02-01;Rio_de_Janeiro;130.59;0
2016-03-01;SC;142.83;0
2016-03-01;parana;159.6;0
2016-03-01;RS;138.81;0
2016-03-01;GO;176.27;0
2016-03-01;DF;176.27;0
2016-03-01;BA;139.16;0
2016-03-01;CE;151.51;0
2016-03-01;PE;BETS-package: Sorry. This series is not yet available. Series is empty in the BACEN databases;0
2016-03-01;sao_paulo;144.79;0
2016-03-01;minas_gerais;140.75;0
2016-03-01;espirito_santo;152.56;0
2016-03-01;Rio_de_Janeiro;130.26;0
2016-04-01;SC;143.98;0
2016-04-01;parana;163.32;0
2016-04-01;RS;140.16;0
2016-04-01;GO;175.7;0
2016-04-01;DF;175.7;0
2016-04-01;BA;142.01;0
2016-04-01;CE;151.43;0
2016-04-01;PE;BETS-package: Sorry. This series is not yet available. Series is empty in the BACEN databases;0
2016-04-01;sao_paulo;146.8;0
2016-04-01;minas_gerais;143.22;0
2016-04-01;espirito_santo;154.98;0
2016-04-01;Rio_de_Janeiro;132.45;0
2016-05-01;SC;137.85;0
2016-05-01;parana;153.05;0
2016-05-01;RS;139.61;0
2016-05-01;GO;168.72;0
2016-05-01;DF;168.72;0
2016-05-01;BA;134.65;0
2016-05-01;CE;149.99;0
2016-05-01;PE;BETS-package: Sorry. This series is not yet available. Series is empty in the BACEN databases;0
2016-05-01;sao_paulo;141.02;0
2016-05-01;minas_gerais;136.96;0
2016-05-01;espirito_santo;160.48;0
2016-05-01;Rio_de_Janeiro;129.7;0
2016-06-01;SC;144.25;0
2016-06-01;parana;162.91;0
2016-06-01;RS;143.06;0
2016-06-01;GO;175.57;0
2016-06-01;DF;175.57;0
2016-06-01;BA;140.07;0
2016-06-01;CE;152.16;0
2016-06-01;PE;BETS-package: Sorry. This series is not yet available. Series is empty in the BACEN databases;0
2016-06-01;sao_paulo;145.98;0
2016-06-01;minas_gerais;144.58;0
2016-06-01;espirito_santo;155.54;0
2016-06-01;Rio_de_Janeiro;129.94;0
2016-07-01;SC;145.83;0
2016-07-01;parana;162.82;0
2016-07-01;RS;144.82;0
2016-07-01;GO;175.7;0
2016-07-01;DF;175.7;0
2016-07-01;BA;140.09;0
2016-07-01;CE;155.12;0
2016-07-01;PE;BETS-package: Sorry. This series is not yet available. Series is empty in the BACEN databases;0
2016-07-01;sao_paulo;146.26;0
2016-07-01;minas_gerais;143.13;0
2016-07-01;espirito_santo;154.09;0
2016-07-01;Rio_de_Janeiro;129.38;0
2016-08-01;SC;145.22;0
2016-08-01;parana;163.08;0
2016-08-01;RS;146.07;0
2016-08-01;GO;178.22;0
2016-08-01;DF;178.22;0
2016-08-01;BA;140.15;0
2016-08-01;CE;155.71;0
2016-08-01;PE;BETS-package: Sorry. This series is not yet available. Series is empty in the BACEN databases;0
2016-08-01;sao_paulo;146.09;0
2016-08-01;minas_gerais;142.24;0
2016-08-01;espirito_santo;152.86;0
2016-08-01;Rio_de_Janeiro;128.85;0
2016-09-01;SC;144.93;0
2016-09-01;parana;163.36;0
2016-09-01;RS;146.1;0
2016-09-01;GO;175.97;0
2016-09-01;DF;175.97;0
2016-09-01;BA;139.74;0
2016-09-01;CE;155.79;0
2016-09-01;PE;BETS-package: Sorry. This series is not yet available. Series is empty in the BACEN databases;0
2016-09-01;sao_paulo;145.47;0
2016-09-01;minas_gerais;140.31;0
2016-09-01;espirito_santo;151.75;0
2016-09-01;Rio_de_Janeiro;129.4;0
2016-10-01;SC;145.55;0
2016-10-01;parana;162.94;0
2016-10-01;RS;145.04;0
2016-10-01;GO;176.29;0
2016-10-01;DF;176.29;0
2016-10-01;BA;139.97;0
2016-10-01;CE;153.22;0
2016-10-01;PE;BETS-package: Sorry. This series is not yet available. Series is empty in the BACEN databases;0
2016-10-01;sao_paulo;144.26;0
2016-10-01;minas_gerais;141.52;0
2016-10-01;espirito_santo;152.63;0
2016-10-01;Rio_de_Janeiro;129.54;0
2016-11-01;SC;145.69;0
2016-11-01;parana;165.22;0
2016-11-01;RS;145.02;0
2016-11-01;GO;175.33;0
2016-11-01;DF;175.33;0
2016-11-01;BA;139.52;0
2016-11-01;CE;154.18;0
2016-11-01;PE;BETS-package: Sorry. This series is not yet available. Series is empty in the BACEN databases;0
2016-11-01;sao_paulo;146.28;0
2016-11-01;minas_gerais;141.45;0
2016-11-01;espirito_santo;154.52;0
2016-11-01;Rio_de_Janeiro;129.5;0
2016-12-01;SC;144.9;0
2016-12-01;parana;165.3;0
2016-12-01;RS;142.92;0
2016-12-01;GO;178.51;0
2016-12-01;DF;178.51;0
2016-12-01;BA;138.5;0
2016-12-01;CE;154.04;0
2016-12-01;PE;BETS-package: Sorry. This series is not yet available. Series is empty in the BACEN databases;0
2016-12-01;sao_paulo;147.23;0
2016-12-01;minas_gerais;142.08;0
2016-12-01;espirito_santo;152.59;0
2016-12-01;Rio_de_Janeiro;130.29;0
2017-01-01;SC;145.08;0
2017-01-01;parana;164.97;0
2017-01-01;RS;143.58;0
2017-01-01;GO;177.91;0
2017-01-01;DF;177.91;0
2017-01-01;BA;136.43;0
2017-01-01;CE;154.18;0
2017-01-01;PE;BETS-package: Sorry. This series is not yet available. Series is empty in the BACEN databases;0
2017-01-01;sao_paulo;147.11;0
2017-01-01;minas_gerais;143.58;0
2017-01-01;espirito_santo;154.34;1
2017-01-01;Rio_de_Janeiro;130.92;0
2017-02-01;SC;143.67;0
2017-02-01;parana;163.55;0
2017-02-01;RS;144.93;0
2017-02-01;GO;175.41;0
2017-02-01;DF;175.41;0
2017-02-01;BA;138.7;0
2017-02-01;CE;154.89;0
2017-02-01;PE;BETS-package: Sorry. This series is not yet available. Series is empty in the BACEN databases;0
2017-02-01;sao_paulo;147.86;0
2017-02-01;minas_gerais;141.44;0
2017-02-01;espirito_santo;150.55;1
2017-02-01;Rio_de_Janeiro;130.22;0
2017-03-01;SC;147.52;0
2017-03-01;parana;163.22;0
2017-03-01;RS;145.29;0
2017-03-01;GO;177.21;0
2017-03-01;DF;177.21;0
2017-03-01;BA;138.51;0
2017-03-01;CE;154.96;0
2017-03-01;PE;BETS-package: Sorry. This series is not yet available. Series is empty in the BACEN databases;0
2017-03-01;sao_paulo;146.89;0
2017-03-01;minas_gerais;141.53;0
2017-03-01;espirito_santo;152.86;1
2017-03-01;Rio_de_Janeiro;130.77;0
2017-04-01;SC;147.9;0
2017-04-01;parana;163.94;0
2017-04-01;RS;146.16;0
2017-04-01;GO;178.98;0
2017-04-01;DF;178.98;0
2017-04-01;BA;139.86;0
2017-04-01;CE;155;0
2017-04-01;PE;BETS-package: Sorry. This series is not yet available. Series is empty in the BACEN databases;0
2017-04-01;sao_paulo;148.65;0
2017-04-01;minas_gerais;141.7;0
2017-04-01;espirito_santo;150.23;1
2017-04-01;Rio_de_Janeiro;130.7;0
2017-05-01;SC;149.32;0
2017-05-01;parana;165.02;0
2017-05-01;RS;147.91;0
2017-05-01;GO;181.85;0
2017-05-01;DF;181.85;0
2017-05-01;BA;139.97;0
2017-05-01;CE;155.8;0
2017-05-01;PE;BETS-package: Sorry. This series is not yet available. Series is empty in the BACEN databases;0
2017-05-01;sao_paulo;148.73;0
2017-05-01;minas_gerais;140.6;0
2017-05-01;espirito_santo;149.87;1
2017-05-01;Rio_de_Janeiro;132.9;0
2017-06-01;SC;148.58;0
2017-06-01;parana;165.49;0
2017-06-01;RS;146.68;0
2017-06-01;GO;178.14;0
2017-06-01;DF;178.14;0
2017-06-01;BA;140.91;0
2017-06-01;CE;155.99;0
2017-06-01;PE;BETS-package: Sorry. This series is not yet available. Series is empty in the BACEN databases;0
2017-06-01;sao_paulo;149;0
2017-06-01;minas_gerais;139.65;0
2017-06-01;espirito_santo;149.4;1
2017-06-01;Rio_de_Janeiro;130.05;0
2017-07-01;SC;148.01;0
2017-07-01;parana;166.2;0
2017-07-01;RS;145.31;0
2017-07-01;GO;182.16;0
2017-07-01;DF;182.16;0
2017-07-01;BA;141.75;0
2017-07-01;CE;156.37;0
2017-07-01;PE;BETS-package: Sorry. This series is not yet available. Series is empty in the BACEN databases;0
2017-07-01;sao_paulo;147.48;0
2017-07-01;minas_gerais;139.04;0
2017-07-01;espirito_santo;148.41;1
2017-07-01;Rio_de_Janeiro;132.65;0
2017-08-01;SC;147.88;0
2017-08-01;parana;166.25;0
2017-08-01;RS;143.82;0
2017-08-01;GO;179.66;0
2017-08-01;DF;179.66;0
2017-08-01;BA;138.6;0
2017-08-01;CE;156.43;0
2017-08-01;PE;BETS-package: Sorry. This series is not yet available. Series is empty in the BACEN databases;0
2017-08-01;sao_paulo;148.5;0
2017-08-01;minas_gerais;141.32;0
2017-08-01;espirito_santo;148.6;1
2017-08-01;Rio_de_Janeiro;133.2;0
2017-09-01;SC;148.17;0
2017-09-01;parana;166;0
2017-09-01;RS;143.72;0
2017-09-01;GO;179.26;0
2017-09-01;DF;179.26;0
2017-09-01;BA;138.02;0
2017-09-01;CE;156.65;0
2017-09-01;PE;BETS-package: Sorry. This series is not yet available. Series is empty in the BACEN databases;0
2017-09-01;sao_paulo;148.09;0
2017-09-01;minas_gerais;142.85;0
2017-09-01;espirito_santo;148.99;1
2017-09-01;Rio_de_Janeiro;133.48;0
2017-10-01;SC;147.71;0
2017-10-01;parana;168.12;0
2017-10-01;RS;143.8;0
2017-10-01;GO;184.2;0
2017-10-01;DF;184.2;0
2017-10-01;BA;138.84;0
2017-10-01;CE;157.62;0
2017-10-01;PE;BETS-package: Sorry. This series is not yet available. Series is empty in the BACEN databases;0
2017-10-01;sao_paulo;149.73;0
2017-10-01;minas_gerais;143.26;0
2017-10-01;espirito_santo;147.32;1
2017-10-01;Rio_de_Janeiro;134.04;0
2017-11-01;SC;147.12;0
2017-11-01;parana;165.8;0
2017-11-01;RS;144.36;0
2017-11-01;GO;181.2;0
2017-11-01;DF;181.2;0
2017-11-01;BA;138.44;0
2017-11-01;CE;158.69;0
2017-11-01;PE;BETS-package: Sorry. This series is not yet available. Series is empty in the BACEN databases;0
2017-11-01;sao_paulo;148.66;0
2017-11-01;minas_gerais;141.71;0
2017-11-01;espirito_santo;145.84;1
2017-11-01;Rio_de_Janeiro;136.28;0
2017-12-01;SC;146.73;0
2017-12-01;parana;165.27;0
2017-12-01;RS;142.69;0
2017-12-01;GO;178.66;0
2017-12-01;DF;178.66;0
2017-12-01;BA;137.78;0
2017-12-01;CE;157.76;0
2017-12-01;PE;BETS-package: Sorry. This series is not yet available. Series is empty in the BACEN databases;0
2017-12-01;sao_paulo;148.44;0
2017-12-01;minas_gerais;140.28;0
2017-12-01;espirito_santo;145.57;1
2017-12-01;Rio_de_Janeiro;135.51;0
2018-01-01;SC;147.71;0
2018-01-01;parana;167.71;0
2018-01-01;RS;141.39;0
2018-01-01;GO;181.49;0
2018-01-01;DF;181.49;0
2018-01-01;BA;137.81;0
2018-01-01;CE;158.12;0
2018-01-01;PE;BETS-package: Sorry. This series is not yet available. Series is empty in the BACEN databases;0
2018-01-01;sao_paulo;149.75;0
2018-01-01;minas_gerais;139.92;0
2018-01-01;espirito_santo;147.1;1
2018-01-01;Rio_de_Janeiro;135.68;0
2018-02-01;SC;147.2;0
2018-02-01;parana;171.89;0
2018-02-01;RS;137.95;0
2018-02-01;GO;181.92;0
2018-02-01;DF;181.92;0
2018-02-01;BA;140.17;0
2018-02-01;CE;157.89;0
2018-02-01;PE;BETS-package: Sorry. This series is not yet available. Series is empty in the BACEN databases;0
2018-02-01;sao_paulo;150.12;0
2018-02-01;minas_gerais;139.03;0
2018-02-01;espirito_santo;148.53;1
2018-02-01;Rio_de_Janeiro;135.07;0
2018-03-01;SC;137.06;0
2018-03-01;parana;170.57;0
2018-03-01;RS;130;0
2018-03-01;GO;178.71;0
2018-03-01;DF;178.71;0
2018-03-01;BA;135.51;0
2018-03-01;CE;148.66;0
2018-03-01;PE;BETS-package: Sorry. This series is not yet available. Series is empty in the BACEN databases;0
2018-03-01;sao_paulo;144.29;0
2018-03-01;minas_gerais;139.6;0
2018-03-01;espirito_santo;144.73;1
2018-03-01;Rio_de_Janeiro;130.85;0
2018-04-01;SC;129.66;0
2018-04-01;parana;152.52;0
2018-04-01;RS;122.62;0
2018-04-01;GO;173.9;0
2018-04-01;DF;173.9;0
2018-04-01;BA;131.11;0
2018-04-01;CE;137.78;0
2018-04-01;PE;BETS-package: Sorry. This series is not yet available. Series is empty in the BACEN databases;0
2018-04-01;sao_paulo;133.96;0
2018-04-01;minas_gerais;133.44;0
2018-04-01;espirito_santo;132.36;1
2018-04-01;Rio_de_Janeiro;122.94;0
2018-05-01;SC;136.3;0
2018-05-01;parana;156.1;0
2018-05-01;RS;135.15;0
2018-05-01;GO;175.38;0
2018-05-01;DF;175.38;0
2018-05-01;BA;129.19;0
2018-05-01;CE;138.61;0
2018-05-01;PE;BETS-package: Sorry. This series is not yet available. Series is empty in the BACEN databases;0
2018-05-01;sao_paulo;136.22;0
2018-05-01;minas_gerais;134.89;0
2018-05-01;espirito_santo;133.31;1
2018-05-01;Rio_de_Janeiro;123.26;0
2018-06-01;SC;141.19;0
2018-06-01;parana;158.45;0
2018-06-01;RS;137.85;0
2018-06-01;GO;177.17;0
2018-06-01;DF;177.17;0
2018-06-01;BA;131.68;0
2018-06-01;CE;147.92;0
2018-06-01;PE;BETS-package: Sorry. This series is not yet available. Series is empty in the BACEN databases;0
2018-06-01;sao_paulo;142.68;0
2018-06-01;minas_gerais;137.98;0
2018-06-01;espirito_santo;133.49;1
2018-06-01;Rio_de_Janeiro;125.39;0
2018-07-01;SC;143.3;0
2018-07-01;parana;158.96;0
2018-07-01;RS;139.46;0
2018-07-01;GO;176.41;0
2018-07-01;DF;176.41;0
2018-07-01;BA;132.98;0
2018-07-01;CE;154.53;0
2018-07-01;PE;BETS-package: Sorry. This series is not yet available. Series is empty in the BACEN databases;0
2018-07-01;sao_paulo;146.18;0
2018-07-01;minas_gerais;139.43;0
2018-07-01;espirito_santo;141.59;1
2018-07-01;Rio_de_Janeiro;129.9;0
2018-08-01;SC;147.96;0
2018-08-01;parana;162.82;0
2018-08-01;RS;141.92;0
2018-08-01;GO;175.82;0
2018-08-01;DF;175.82;0
2018-08-01;BA;134.38;0
2018-08-01;CE;158.44;0
2018-08-01;PE;BETS-package: Sorry. This series is not yet available. Series is empty in the BACEN databases;0
2018-08-01;sao_paulo;147.65;0
2018-08-01;minas_gerais;141.29;0
2018-08-01;espirito_santo;142.79;1
2018-08-01;Rio_de_Janeiro;131.03;0
2018-09-01;SC;151.1;0
2018-09-01;parana;167.1;0
2018-09-01;RS;143.21;0
2018-09-01;GO;178.51;0
2018-09-01;DF;178.51;0
2018-09-01;BA;136.14;0
2018-09-01;CE;157.59;0
2018-09-01;PE;BETS-package: Sorry. This series is not yet available. Series is empty in the BACEN databases;0
2018-09-01;sao_paulo;150.84;0
2018-09-01;minas_gerais;142.32;0
2018-09-01;espirito_santo;144.82;1
2018-09-01;Rio_de_Janeiro;130.76;0
2018-10-01;SC;153.2;0
2018-10-01;parana;170.1;0
2018-10-01;RS;145.24;0
2018-10-01;GO;177.77;0
2018-10-01;DF;177.77;0
2018-10-01;BA;136.48;0
2018-10-01;CE;158.09;0
2018-10-01;PE;BETS-package: Sorry. This series is not yet available. Series is empty in the BACEN databases;0
2018-10-01;sao_paulo;152.59;0
2018-10-01;minas_gerais;142.68;0
2018-10-01;espirito_santo;146.72;1
2018-10-01;Rio_de_Janeiro;130.69;0
2018-11-01;SC;152.27;0
2018-11-01;parana;169.57;0
2018-11-01;RS;144.5;0
2018-11-01;GO;177.37;0
2018-11-01;DF;177.37;0
2018-11-01;BA;136.59;0
2018-11-01;CE;158.48;0
2018-11-01;PE;BETS-package: Sorry. This series is not yet available. Series is empty in the BACEN databases;0
2018-11-01;sao_paulo;153.62;0
2018-11-01;minas_gerais;143.39;0
2018-11-01;espirito_santo;147.22;1
2018-11-01;Rio_de_Janeiro;129.96;0
2018-12-01;SC;152.4;0
2018-12-01;parana;170.96;0
2018-12-01;RS;144.32;0
2018-12-01;GO;177.93;0
2018-12-01;DF;177.93;0
2018-12-01;BA;137.34;0
2018-12-01;CE;159.7;0
2018-12-01;PE;BETS-package: Sorry. This series is not yet available. Series is empty in the BACEN databases;0
2018-12-01;sao_paulo;155.09;0
2018-12-01;minas_gerais;144.11;0
2018-12-01;espirito_santo;149.51;1
2018-12-01;Rio_de_Janeiro;130.32;0
2019-01-01;SC;154;0
2019-01-01;parana;174.63;0
2019-01-01;RS;147.92;0
2019-01-01;GO;174.78;0
2019-01-01;DF;174.78;0
2019-01-01;BA;137.85;0
2019-01-01;CE;160.25;0
2019-01-01;PE;BETS-package: Sorry. This series is not yet available. Series is empty in the BACEN databases;0
2019-01-01;sao_paulo;156.19;0
2019-01-01;minas_gerais;144.43;0
2019-01-01;espirito_santo;146.65;1
2019-01-01;Rio_de_Janeiro;131.66;0
